paper_code,subject,source_pdf_path,answer_key_path,pdf_pages,expected_question_count,actual_ingested_question_count,expected_sections,actual_sections,expected_marks_distribution,actual_marks_distribution,json_path,asset_directory,ingestion_status,verification_status
AE,Aerospace Engineering,/Users/shivarampatel/Downloads/GATE 2025/Question Papers/AE/GATE_2025_AE_Question_Paper.pdf,/Users/shivarampatel/Downloads/GATE 2025/Answer Keys/AE/GATE_2025_AE_Answer_Key.pdf,34,65,65,AE; GA,General Aptitude; Aerospace Engineering,"1M:30, 2M:35","1M:30, 2M:35",/Users/shivarampatel/AndroidStudioProjects/MOCK.AI/web/src/data/exams/gate-2025-ae.json,web/public/exam-assets/gate/2025/ae,EXISTS,NOT VERIFIED
AG,Agricultural Engineering,/Users/shivarampatel/Downloads/GATE 2025/Question Papers/AG/GATE_2025_AG_Question_Paper.pdf,/Users/shivarampatel/Downloads/GATE 2025/Answer Keys/AG/GATE_2025_AG_Answer_Key.pdf,32,65,65,AG; GA,General Aptitude; Agricultural Engineering,"1M:30, 2M:35","1M:30, 2M:35",/Users/shivarampatel/AndroidStudioProjects/MOCK.AI/web/src/data/exams/gate-2025-ag.json,web/public/exam-assets/gate/2025/ag,EXISTS,NOT VERIFIED
AR,Architecture and Planning,/Users/shivarampatel/Downloads/GATE 2025/Question Papers/AR/GATE_2025_AR_Question_Paper.pdf,/Users/shivarampatel/Downloads/GATE 2025/Answer Keys/AR/GATE_2025_AR_Answer_Key.pdf,53,81,81,AR; AR-B1; AR-B2; GA,General Aptitude; Architecture and Planning (Part A - Common); Part B1: Architecture; Part B2: Planning,"1M:37, 2M:44","1M:37, 2M:44",/Users/shivarampatel/AndroidStudioProjects/MOCK.AI/web/src/data/exams/gate-2025-ar.json,web/public/exam-assets/gate/2025/ar,EXISTS,NOT VERIFIED
BM,Biomedical Engineering,/Users/shivarampatel/Downloads/GATE 2025/Question Papers/BM/GATE_2025_BM_Question_Paper.pdf,/Users/shivarampatel/Downloads/GATE 2025/Answer Keys/BM/GATE_2025_BM_Answer_Key.pdf,39,65,65,BM; GA,General Aptitude; Biomedical Engineering,"1M:30, 2M:35","1M:30, 2M:35",/Users/shivarampatel/AndroidStudioProjects/MOCK.AI/web/src/data/exams/gate-2025-bm.json,web/public/exam-assets/gate/2025/bm,EXISTS,NOT VERIFIED
BT,Biotechnology,/Users/shivarampatel/Downloads/GATE 2025/Question Papers/BT/GATE_2025_BT_Question_Paper.pdf,/Users/shivarampatel/Downloads/GATE 2025/Answer Keys/BT/GATE_2025_BT_Answer_Key.pdf,36,65,65,BT; GA,General Aptitude; Biotechnology,"1M:30, 2M:35","1M:30, 2M:35",/Users/shivarampatel/AndroidStudioProjects/MOCK.AI/web/src/data/exams/gate-2025-bt.json,web/public/exam-assets/gate/2025/bt,EXISTS,NOT VERIFIED
CE-1,Civil Engineering,/Users/shivarampatel/Downloads/GATE 2025/Question Papers/CE-1/GATE_2025_CE_1_Question_Paper.pdf,/Users/shivarampatel/Downloads/GATE 2025/Answer Keys/CE-1/GATE_2025_CE_1_Answer_Key.pdf,43,65,65,CE-1; GA,General Aptitude; Civil Engineering (Session 1),"1M:30, 2M:35","1M:30, 2M:35",/Users/shivarampatel/AndroidStudioProjects/MOCK.AI/web/src/data/exams/gate-2025-ce-1.json,web/public/exam-assets/gate/2025/ce-1,EXISTS,NOT VERIFIED
CE-2,Civil Engineering,/Users/shivarampatel/Downloads/GATE 2025/Question Papers/CE-2/GATE_2025_CE_2_Question_Paper.pdf,/Users/shivarampatel/Downloads/GATE 2025/Answer Keys/CE-2/GATE_2025_CE_2_Answer_Key.pdf,37,65,65,CE-2; GA,General Aptitude; Civil Engineering (Session 2),"1M:30, 2M:35","1M:30, 2M:35",/Users/shivarampatel/AndroidStudioProjects/MOCK.AI/web/src/data/exams/gate-2025-ce-2.json,web/public/exam-assets/gate/2025/ce-2,EXISTS,NOT VERIFIED
CH,Chemical Engineering,/Users/shivarampatel/Downloads/GATE 2025/Question Papers/CH/GATE_2025_CH_Question_Paper.pdf,/Users/shivarampatel/Downloads/GATE 2025/Answer Keys/CH/GATE_2025_CH_Answer_Key.pdf,37,65,65,CH; GA,General Aptitude; Chemical Engineering,"1M:30, 2M:35","1M:30, 2M:35",/Users/shivarampatel/AndroidStudioProjects/MOCK.AI/web/src/data/exams/gate-2025-ch.json,web/public/exam-assets/gate/2025/ch,EXISTS,NOT VERIFIED
CS-1,Computer Science and Information Technology,/Users/shivarampatel/Downloads/GATE 2025/Question Papers/CS-1/GATE_2025_CS_1_Question_Paper.pdf,/Users/shivarampatel/Downloads/GATE 2025/Answer Keys/CS-1/GATE_2025_CS_1_Answer_Key.pdf,64,65,65,CS-1; GA,General Aptitude; Computer Science & IT (Session 1),"1M:30, 2M:35","1M:30, 2M:35",/Users/shivarampatel/AndroidStudioProjects/MOCK.AI/web/src/data/exams/gate-2025-cs-1.json,web/public/exam-assets/gate/2025/cs-1,EXISTS,NOT VERIFIED
CS-2,Computer Science and Information Technology,/Users/shivarampatel/Downloads/GATE 2025/Question Papers/CS-2/GATE_2025_CS_2_Question_Paper.pdf,/Users/shivarampatel/Downloads/GATE 2025/Answer Keys/CS-2/GATE_2025_CS_2_Answer_Key.pdf,48,65,65,CS-2; GA,General Aptitude; Computer Science & IT (Session 2),"1M:30, 2M:35","1M:30, 2M:35",/Users/shivarampatel/AndroidStudioProjects/MOCK.AI/web/src/data/exams/gate-2025-cs-2.json,web/public/exam-assets/gate/2025/cs-2,EXISTS,NOT VERIFIED
CY,Chemistry,/Users/shivarampatel/Downloads/GATE 2025/Question Papers/CY/GATE_2025_CY_Question_Paper.pdf,/Users/shivarampatel/Downloads/GATE 2025/Answer Keys/CY/GATE_2025_CY_Answer_Key.pdf,46,65,65,CY; GA,General Aptitude; Chemistry,"1M:30, 2M:35","1M:30, 2M:35",/Users/shivarampatel/AndroidStudioProjects/MOCK.AI/web/src/data/exams/gate-2025-cy.json,web/public/exam-assets/gate/2025/cy,EXISTS,NOT VERIFIED
DA,Data Science and Artificial Intelligence,/Users/shivarampatel/Downloads/GATE 2025/Question Papers/DA/GATE_2025_DA_Question_Paper.pdf,/Users/shivarampatel/Downloads/GATE 2025/Answer Keys/DA/GATE_2025_DA_Answer_Key.pdf,34,65,65,DA; GA,General Aptitude; Data Science & Artificial Intelligence,"1M:30, 2M:35","1M:30, 2M:35",/Users/shivarampatel/AndroidStudioProjects/MOCK.AI/web/src/data/exams/gate-2025-da.json,web/public/exam-assets/gate/2025/da,EXISTS,NOT VERIFIED
EC,Electronics and Communication Engineering,/Users/shivarampatel/Downloads/GATE 2025/Question Papers/EC/GATE_2025_EC_Question_Paper.pdf,/Users/shivarampatel/Downloads/GATE 2025/Answer Keys/EC/GATE_2025_EC_Answer_Key.pdf,52,65,65,EC; GA,General Aptitude; Electronics & Communication Engineering,"1M:30, 2M:35","1M:30, 2M:35",/Users/shivarampatel/AndroidStudioProjects/MOCK.AI/web/src/data/exams/gate-2025-ec.json,web/public/exam-assets/gate/2025/ec,EXISTS,NOT VERIFIED
EE,Electrical Engineering,/Users/shivarampatel/Downloads/GATE 2025/Question Papers/EE/GATE_2025_EE_Question_Paper.pdf,/Users/shivarampatel/Downloads/GATE 2025/Answer Keys/EE/GATE_2025_EE_Answer_Key.pdf,50,65,65,EE; GA,General Aptitude; Electrical Engineering,"1M:30, 2M:35","1M:30, 2M:35",/Users/shivarampatel/AndroidStudioProjects/MOCK.AI/web/src/data/exams/gate-2025-ee.json,web/public/exam-assets/gate/2025/ee,EXISTS,NOT VERIFIED
ES,Environmental Science & Engineering,/Users/shivarampatel/Downloads/GATE 2025/Question Papers/ES/GATE_2025_ES_Question_Paper.pdf,/Users/shivarampatel/Downloads/GATE 2025/Answer Keys/ES/GATE_2025_ES_Answer_Key.pdf,39,65,65,ES; GA,General Aptitude; Environmental Science & Engineering,"1M:30, 2M:35","1M:30, 2M:35",/Users/shivarampatel/AndroidStudioProjects/MOCK.AI/web/src/data/exams/gate-2025-es.json,web/public/exam-assets/gate/2025/es,EXISTS,NOT VERIFIED
EY,Ecology and Evolution,/Users/shivarampatel/Downloads/GATE 2025/Question Papers/EY/GATE_2025_EY_Question_Paper.pdf,/Users/shivarampatel/Downloads/GATE 2025/Answer Keys/EY/GATE_2025_EY_Answer_Key.pdf,45,65,65,EY; GA,General Aptitude; Ecology and Evolution,"1M:30, 2M:35","1M:30, 2M:35",/Users/shivarampatel/AndroidStudioProjects/MOCK.AI/web/src/data/exams/gate-2025-ey.json,web/public/exam-assets/gate/2025/ey,EXISTS,NOT VERIFIED
GE,Geomatics Engineering,/Users/shivarampatel/Downloads/GATE 2025/Question Papers/GE/GATE_2025_GE_Question_Paper.pdf,/Users/shivarampatel/Downloads/GATE 2025/Answer Keys/GE/GATE_2025_GE_Answer_Key.pdf,49,84,84,GA; GE-A; GE-B-SI; GE-B-SII,General Aptitude; Part A: Common; Part B: Section I (Surveying and Mapping); Part B: Section II (Image Processing and Analysis),"1M:38, 2M:46","1M:38, 2M:46",/Users/shivarampatel/AndroidStudioProjects/MOCK.AI/web/src/data/exams/gate-2025-ge.json,web/public/exam-assets/gate/2025/ge,EXISTS,NOT VERIFIED
GG-1,Geology and Geophysics - Geology,/Users/shivarampatel/Downloads/GATE 2025/Question Papers/GG-1/GATE_2025_GG_1_Question_Paper.pdf,/Users/shivarampatel/Downloads/GATE 2025/Answer Keys/GG-1/GATE_2025_GG_1_Answer_Key.pdf,39,65,65,GA; GG; GG1,General Aptitude; Part A: Common (Geology and Geophysics); Part B: Section 1 (Geology),"1M:30, 2M:35","1M:30, 2M:35",/Users/shivarampatel/AndroidStudioProjects/MOCK.AI/web/src/data/exams/gate-2025-gg-1.json,web/public/exam-assets/gate/2025/gg-1,EXISTS,NOT VERIFIED
GG-2,Geology and Geophysics - Geophysics,/Users/shivarampatel/Downloads/GATE 2025/Question Papers/GG-2/GATE_2025_GG_2_Question_Paper.pdf,/Users/shivarampatel/Downloads/GATE 2025/Answer Keys/GG-2/GATE_2025_GG_2_Answer_Key.pdf,42,65,65,GA; GG; GG2,General Aptitude; Part A: Common (Geology and Geophysics); Part B: Section 2 (Geophysics),"1M:30, 2M:35","1M:30, 2M:35",/Users/shivarampatel/AndroidStudioProjects/MOCK.AI/web/src/data/exams/gate-2025-gg-2.json,web/public/exam-assets/gate/2025/gg-2,EXISTS,NOT VERIFIED
IN,Instrumentation Engineering,/Users/shivarampatel/Downloads/GATE 2025/Question Papers/IN/GATE_2025_IN_Question_Paper.pdf,/Users/shivarampatel/Downloads/GATE 2025/Answer Keys/IN/GATE_2025_IN_Answer_Key.pdf,65,65,65,GA; IN,General Aptitude; Instrumentation Engineering,"1M:30, 2M:35","1M:30, 2M:35",/Users/shivarampatel/AndroidStudioProjects/MOCK.AI/web/src/data/exams/gate-2025-in.json,web/public/exam-assets/gate/2025/in,EXISTS,NOT VERIFIED
MA,Mathematics,/Users/shivarampatel/Downloads/GATE 2025/Question Papers/MA/GATE_2025_MA_Question_Paper.pdf,/Users/shivarampatel/Downloads/GATE 2025/Answer Keys/MA/GATE_2025_MA_Answer_Key.pdf,49,65,65,GA; MA,General Aptitude; Mathematics,"1M:30, 2M:35","1M:30, 2M:35",/Users/shivarampatel/AndroidStudioProjects/MOCK.AI/web/src/data/exams/gate-2025-ma.json,web/public/exam-assets/gate/2025/ma,EXISTS,NOT VERIFIED
ME,Mechanical Engineering,/Users/shivarampatel/Downloads/GATE 2025/Question Papers/ME/GATE_2025_ME_Question_Paper.pdf,/Users/shivarampatel/Downloads/GATE 2025/Answer Keys/ME/GATE_2025_ME_Answer_Key.pdf,41,65,65,GA; ME,General Aptitude; Mechanical Engineering,"1M:30, 2M:35","1M:30, 2M:35",/Users/shivarampatel/AndroidStudioProjects/MOCK.AI/web/src/data/exams/gate-2025-me.json,web/public/exam-assets/gate/2025/me,EXISTS,NOT VERIFIED
MN,Mining Engineering,/Users/shivarampatel/Downloads/GATE 2025/Question Papers/MN/GATE_2025_MN_Question_Paper.pdf,/Users/shivarampatel/Downloads/GATE 2025/Answer Keys/MN/GATE_2025_MN_Answer_Key.pdf,39,65,65,GA; MN,General Aptitude; Mining Engineering,"1M:30, 2M:35","1M:30, 2M:35",/Users/shivarampatel/AndroidStudioProjects/MOCK.AI/web/src/data/exams/gate-2025-mn.json,web/public/exam-assets/gate/2025/mn,EXISTS,NOT VERIFIED
MT,Metallurgical Engineering,/Users/shivarampatel/Downloads/GATE 2025/Question Papers/MT/GATE_2025_MT_Question_Paper.pdf,/Users/shivarampatel/Downloads/GATE 2025/Answer Keys/MT/GATE_2025_MT_Answer_Key.pdf,51,65,65,GA; MT,General Aptitude; Metallurgical Engineering,"1M:30, 2M:35","1M:30, 2M:35",/Users/shivarampatel/AndroidStudioProjects/MOCK.AI/web/src/data/exams/gate-2025-mt.json,web/public/exam-assets/gate/2025/mt,EXISTS,NOT VERIFIED
NM,Naval Architecture and Marine Engineering,/Users/shivarampatel/Downloads/GATE 2025/Question Papers/NM/GATE_2025_NM_Question_Paper.pdf,/Users/shivarampatel/Downloads/GATE 2025/Answer Keys/NM/GATE_2025_NM_Answer_Key.pdf,39,65,65,GA; NM,General Aptitude; Naval Architecture & Marine Engineering,"1M:30, 2M:35","1M:30, 2M:35",/Users/shivarampatel/AndroidStudioProjects/MOCK.AI/web/src/data/exams/gate-2025-nm.json,web/public/exam-assets/gate/2025/nm,EXISTS,NOT VERIFIED
PE,Petroleum Engineering,/Users/shivarampatel/Downloads/GATE 2025/Question Papers/PE/GATE_2025_PE_Question_Paper.pdf,/Users/shivarampatel/Downloads/GATE 2025/Answer Keys/PE/GATE_2025_PE_Answer_Key.pdf,38,65,65,GA; PE,General Aptitude; Petroleum Engineering,"1M:30, 2M:35","1M:30, 2M:35",/Users/shivarampatel/AndroidStudioProjects/MOCK.AI/web/src/data/exams/gate-2025-pe.json,web/public/exam-assets/gate/2025/pe,EXISTS,NOT VERIFIED
PH,Physics,/Users/shivarampatel/Downloads/GATE 2025/Question Papers/PH/GATE_2025_PH_Question_Paper.pdf,/Users/shivarampatel/Downloads/GATE 2025/Answer Keys/PH/GATE_2025_PH_Answer_Key.pdf,39,65,65,GA; PH,General Aptitude; Physics,"1M:30, 2M:35","1M:30, 2M:35",/Users/shivarampatel/AndroidStudioProjects/MOCK.AI/web/src/data/exams/gate-2025-ph.json,web/public/exam-assets/gate/2025/ph,EXISTS,NOT VERIFIED
PI,Production and Industrial Engineering,/Users/shivarampatel/Downloads/GATE 2025/Question Papers/PI/GATE_2025_PI_Question_Paper.pdf,/Users/shivarampatel/Downloads/GATE 2025/Answer Keys/PI/GATE_2025_PI_Answer_Key.pdf,35,65,65,GA; PI,General Aptitude; Production and Industrial Engineering,"1M:30, 2M:35","1M:30, 2M:35",/Users/shivarampatel/AndroidStudioProjects/MOCK.AI/web/src/data/exams/gate-2025-pi.json,web/public/exam-assets/gate/2025/pi,EXISTS,NOT VERIFIED
ST,Statistics,/Users/shivarampatel/Downloads/GATE 2025/Question Papers/ST/GATE_2025_ST_Question_Paper.pdf,/Users/shivarampatel/Downloads/GATE 2025/Answer Keys/ST/GATE_2025_ST_Answer_Key.pdf,36,65,65,GA; ST,General Aptitude; Statistics,"1M:30, 2M:35","1M:30, 2M:35",/Users/shivarampatel/AndroidStudioProjects/MOCK.AI/web/src/data/exams/gate-2025-st.json,web/public/exam-assets/gate/2025/st,EXISTS,NOT VERIFIED
TF,Textile Engineering and Fibre Science,/Users/shivarampatel/Downloads/GATE 2025/Question Papers/TF/GATE_2025_TF_Question_Paper.pdf,/Users/shivarampatel/Downloads/GATE 2025/Answer Keys/TF/GATE_2025_TF_Answer_Key.pdf,35,65,65,GA; TF,General Aptitude; Textile Engineering & Fibre Science,"1M:30, 2M:35","1M:30, 2M:35",/Users/shivarampatel/AndroidStudioProjects/MOCK.AI/web/src/data/exams/gate-2025-tf.json,web/public/exam-assets/gate/2025/tf,EXISTS,NOT VERIFIED
XE,Engineering Sciences,/Users/shivarampatel/Downloads/GATE 2025/Question Papers/XE/GATE_2025_XE_Question_Paper.pdf,/Users/shivarampatel/Downloads/GATE 2025/Answer Keys/XE/GATE_2025_XE_Answer_Key.pdf,106,175,175,GA; XE-A; XE-B; XE-C; XE-D; XE-E; XE-F; XE-G; XE-H,General Aptitude; Section A: Engineering Mathematics (Compulsory); Section B: Fluid Mechanics; Section C: Materials Science; Section D: Solid Mechanics; Section E: Thermodynamics; Section F: Polymer Science & Engineering; Section G: Food Technology; Section H: Atmospheric and Oceanic Sciences,"1M:75, 2M:100","1M:75, 2M:100",/Users/shivarampatel/AndroidStudioProjects/MOCK.AI/web/src/data/exams/gate-2025-xe.json,web/public/exam-assets/gate/2025/xe,EXISTS,NOT VERIFIED
XH-C1,Humanities & Social Sciences - Economics,/Users/shivarampatel/Downloads/GATE 2025/Question Papers/XH-C1/GATE_2025_XH_C1_Question_Paper.pdf,/Users/shivarampatel/Downloads/GATE 2025/Answer Keys/XH-C1/GATE_2025_XH_C1_Answer_Key.pdf,40,65,65,GA; XH-B1; XH-C1,General Aptitude; Section B1: Reasoning and Comprehension (Compulsory); Section C1: Economics,"1M:30, 2M:35","1M:30, 2M:35",/Users/shivarampatel/AndroidStudioProjects/MOCK.AI/web/src/data/exams/gate-2025-xh-c1.json,web/public/exam-assets/gate/2025/xh-c1,EXISTS,NOT VERIFIED
XH-C2,Humanities & Social Sciences - English,/Users/shivarampatel/Downloads/GATE 2025/Question Papers/XH-C2/GATE_2025_XH_C2_Question_Paper.pdf,/Users/shivarampatel/Downloads/GATE 2025/Answer Keys/XH-C2/GATE_2025_XH_C2_Answer_Key.pdf,40,65,65,GA; XH-B1; XH-C2,General Aptitude; Section B1: Reasoning and Comprehension (Compulsory); Section C2: English,"1M:30, 2M:35","1M:30, 2M:35",/Users/shivarampatel/AndroidStudioProjects/MOCK.AI/web/src/data/exams/gate-2025-xh-c2.json,web/public/exam-assets/gate/2025/xh-c2,EXISTS,NOT VERIFIED
XH-C3,Humanities & Social Sciences - Linguistics,/Users/shivarampatel/Downloads/GATE 2025/Question Papers/XH-C3/GATE_2025_XH_C3_Question_Paper.pdf,/Users/shivarampatel/Downloads/GATE 2025/Answer Keys/XH-C3/GATE_2025_XH_C3_Answer_Key.pdf,44,65,65,GA; XH-B1; XH-C3,General Aptitude; Section B1: Reasoning and Comprehension (Compulsory); Section C3: Linguistics,"1M:30, 2M:35","1M:30, 2M:35",/Users/shivarampatel/AndroidStudioProjects/MOCK.AI/web/src/data/exams/gate-2025-xh-c3.json,web/public/exam-assets/gate/2025/xh-c3,EXISTS,NOT VERIFIED
XH-C4,Humanities & Social Sciences - Philosophy,/Users/shivarampatel/Downloads/GATE 2025/Question Papers/XH-C4/GATE_2025_XH_C4_Question_Paper.pdf,/Users/shivarampatel/Downloads/GATE 2025/Answer Keys/XH-C4/GATE_2025_XH_C4_Answer_Key.pdf,42,65,65,GA; XH-B1; XH-C4,General Aptitude; Section B1: Reasoning and Comprehension (Compulsory); Section C4: Philosophy,"1M:30, 2M:35","1M:30, 2M:35",/Users/shivarampatel/AndroidStudioProjects/MOCK.AI/web/src/data/exams/gate-2025-xh-c4.json,web/public/exam-assets/gate/2025/xh-c4,EXISTS,NOT VERIFIED
XH-C5,Humanities & Social Sciences - Psychology,/Users/shivarampatel/Downloads/GATE 2025/Question Papers/XH-C5/GATE_2025_XH_C5_Question_Paper.pdf,/Users/shivarampatel/Downloads/GATE 2025/Answer Keys/XH-C5/GATE_2025_XH_C5_Answer_Key.pdf,43,65,65,GA; XH-B1; XH-C5,General Aptitude; Section B1: Reasoning and Comprehension (Compulsory); Section C5: Psychology,"1M:30, 2M:35","1M:30, 2M:35",/Users/shivarampatel/AndroidStudioProjects/MOCK.AI/web/src/data/exams/gate-2025-xh-c5.json,web/public/exam-assets/gate/2025/xh-c5,EXISTS,NOT VERIFIED
XH-C6,Humanities & Social Sciences - Sociology,/Users/shivarampatel/Downloads/GATE 2025/Question Papers/XH-C6/GATE_2025_XH_C6_Question_Paper.pdf,/Users/shivarampatel/Downloads/GATE 2025/Answer Keys/XH-C6/GATE_2025_XH_C6_Answer_Key.pdf,45,65,65,GA; XH-B1; XH-C6,General Aptitude; Section B1: Reasoning and Comprehension (Compulsory); Section C6: Sociology,"1M:30, 2M:35","1M:30, 2M:35",/Users/shivarampatel/AndroidStudioProjects/MOCK.AI/web/src/data/exams/gate-2025-xh-c6.json,web/public/exam-assets/gate/2025/xh-c6,EXISTS,NOT VERIFIED
XL,Life Sciences,/Users/shivarampatel/Downloads/GATE 2025/Question Papers/XL/GATE_2025_XL_Question_Paper.pdf,/Users/shivarampatel/Downloads/GATE 2025/Answer Keys/XL/GATE_2025_XL_Answer_Key.pdf,76,122,122,GA; XL-P; XL-Q; XL-R; XL-S; XL-T; XL-U,General Aptitude; Section P: Chemistry (Compulsory); Section Q: Biochemistry; Section R: Botany; Section S: Microbiology; Section T: Zoology; Section U: Food Technology,"1M:54, 2M:68","1M:54, 2M:68",/Users/shivarampatel/AndroidStudioProjects/MOCK.AI/web/src/data/exams/gate-2025-xl.json,web/public/exam-assets/gate/2025/xl,EXISTS,NOT VERIFIED
