asset_path,asset_type,question_number,page,width,height,file_size_bytes,sha256,status
/exam-assets/gate/2024/da/q2_diag.png,prompt_diagram,2,2,556,455,25557,d335695c25b87eeafc23301d22db58cf5696da953ba6324584157ab9627f09ae,VERIFIED
/exam-assets/gate/2024/da/q42_opt_a.png,option_A,42,26,323,196,5625,1f159ed8ae1d287cc2d6a7ad3983062bfb126305d01224430b23d348ee3bd9e4,VERIFIED
/exam-assets/gate/2024/da/q42_opt_b.png,option_B,42,26,323,192,5533,4be404cf7fee01e37df1c893237ceb5e385c3b701b51298a8f794b46ad2dfae3,VERIFIED
/exam-assets/gate/2024/da/q42_opt_c.png,option_C,42,26,323,194,5712,110222146c249db663fd43ab609836b4074441f1e31e4cb2ef6323db651f5fe5,VERIFIED
/exam-assets/gate/2024/da/q42_opt_d.png,option_D,42,26,323,191,5579,7ac0026927f773984b06713180b729635920c568abab73a3c9600114ed729001,VERIFIED
/exam-assets/gate/2024/da/q43_diag.png,prompt_diagram,43,27,895,725,98429,12b6b36945f8bfe657bf6af5e34dbd4ce29fb464c183ea538569874aec37bb30,VERIFIED
/exam-assets/gate/2024/da/q51_diag.png,prompt_diagram,51,33,318,579,35659,01ff2b6cc474ba55d02ec6e4e7c9982b39a9055e6cb8969032c815b4237a0aca,VERIFIED
/exam-assets/gate/2024/da/q53_diag.png,prompt_diagram,53,35,1034,879,61765,c16457df49b812ddf8f6d613be5ab7f34ea9d02890ebdc999def0e9532e521e5,VERIFIED
/exam-assets/gate/2024/da/q5_diag.png,prompt_diagram,5,1,1046,640,44462,5ba341caf392b8cae5ff7275e53dcccb083a56469d74da189fdfae3d6024d387,VERIFIED
/exam-assets/gate/2024/da/q63_diag.png,prompt_diagram,63,40,493,523,27824,ccb36cd21f9d35dc471d144fd834a91615538d8dd3aad53099c9ace18dfcef7d,VERIFIED
/exam-assets/gate/2024/da/q64_diag.png,prompt_diagram,64,41,227,282,16086,8b1ccd4e6eefc014762ef3fe82af810ce1b42d2572fb94a88cf7f692874fe647,VERIFIED
/exam-assets/gate/2024/da/q9_diag.png,prompt_diagram,9,7,508,192,17776,1e6dcb6bd4c1a0f0e9a331de2ac223696afd3160b8ab8d6224420ec3807fb620,VERIFIED
/exam-assets/gate/2024/da/q9_opt_a.png,option_A,9,7,198,250,6883,13f72905105f0e17d4edbe9d91dab2950930f2319e4f44256f267649035796b8,VERIFIED
/exam-assets/gate/2024/da/q9_opt_b.png,option_B,9,7,196,257,7046,5a72925b5464bba76849dd824193c14aafa8d1eb9bb554da8d6ce2892dcfafd1,VERIFIED
/exam-assets/gate/2024/da/q9_opt_c.png,option_C,9,7,208,257,6835,2b7a45deb8df597be79d0b3b66fc6253116bf914953f8241711e84c88ef94098,VERIFIED
/exam-assets/gate/2024/da/q9_opt_d.png,option_D,9,7,206,257,7066,ca01e248cd593d86f6b637024f85e276b6456bcc5c0331c9fec4ac7d16d69dd3,VERIFIED
