paper_code,question_number,visual_type,asset_url,file_exists,owner,verification_status
AE,3,diagram,/exam-assets/gate/2025/ae/q3_diag.png,True,question_stem,VERIFIED
AE,4,diagram,/exam-assets/gate/2025/ae/q4_diag.png,True,question_stem,VERIFIED
AE,8,diagram,/exam-assets/gate/2025/ae/q8_diag.png,True,question_stem,VERIFIED
AE,10,diagram,/exam-assets/gate/2025/ae/q10_diag.png,True,question_stem,VERIFIED
AE,19,option_A_diagram,/exam-assets/gate/2025/ae/q19_opt_a.png,True,option_A,VERIFIED
AE,19,option_B_diagram,/exam-assets/gate/2025/ae/q19_opt_b.png,True,option_B,VERIFIED
AE,19,option_C_diagram,/exam-assets/gate/2025/ae/q19_opt_c.png,True,option_C,VERIFIED
AE,19,option_D_diagram,/exam-assets/gate/2025/ae/q19_opt_d.png,True,option_D,VERIFIED
AE,20,diagram,/exam-assets/gate/2025/ae/q20_diag.png,True,question_stem,VERIFIED
AE,27,diagram,/exam-assets/gate/2025/ae/q27_diag.png,True,question_stem,VERIFIED
AE,29,diagram,/exam-assets/gate/2025/ae/q29_diag.png,True,question_stem,VERIFIED
AE,30,diagram,/exam-assets/gate/2025/ae/q30_diag.png,True,question_stem,VERIFIED
AE,49,diagram,/exam-assets/gate/2025/ae/q49_diag.png,True,question_stem,VERIFIED
AE,53,diagram,/exam-assets/gate/2025/ae/q53_diag.png,True,question_stem,VERIFIED
AE,56,diagram,/exam-assets/gate/2025/ae/q56_diag.png,True,question_stem,VERIFIED
AE,57,diagram,/exam-assets/gate/2025/ae/q57_diag.png,True,question_stem,VERIFIED
AE,58,diagram,/exam-assets/gate/2025/ae/q58_diag.png,True,question_stem,VERIFIED
AE,59,diagram,/exam-assets/gate/2025/ae/q59_diag.png,True,question_stem,VERIFIED
AE,60,diagram,/exam-assets/gate/2025/ae/q60_diag.png,True,question_stem,VERIFIED
AG,5,diagram,/exam-assets/gate/2025/ag/q5_diag.png,True,question_stem,VERIFIED
AG,7,diagram,/exam-assets/gate/2025/ag/q7_diag.png,True,question_stem,VERIFIED
AG,9,diagram,/exam-assets/gate/2025/ag/q9_diag.png,True,question_stem,VERIFIED
AG,9,option_A_diagram,/exam-assets/gate/2025/ag/q9_opt_a.png,True,option_A,VERIFIED
AG,9,option_B_diagram,/exam-assets/gate/2025/ag/q9_opt_b.png,True,option_B,VERIFIED
AG,9,option_C_diagram,/exam-assets/gate/2025/ag/q9_opt_c.png,True,option_C,VERIFIED
AG,9,option_D_diagram,/exam-assets/gate/2025/ag/q9_opt_d.png,True,option_D,VERIFIED
AR,8,diagram,/exam-assets/gate/2025/ar/q8_diag.png,True,question_stem,VERIFIED
AR,8,option_A_diagram,/exam-assets/gate/2025/ar/q8_opt_a.png,True,option_A,VERIFIED
AR,8,option_B_diagram,/exam-assets/gate/2025/ar/q8_opt_b.png,True,option_B,VERIFIED
AR,8,option_C_diagram,/exam-assets/gate/2025/ar/q8_opt_c.png,True,option_C,VERIFIED
AR,8,option_D_diagram,/exam-assets/gate/2025/ar/q8_opt_d.png,True,option_D,VERIFIED
AR,34,diagram,/exam-assets/gate/2025/ar/q34_diag.png,True,question_stem,VERIFIED
AR,41,diagram,/exam-assets/gate/2025/ar/q41_diag.png,True,question_stem,VERIFIED
AR,48,diagram,/exam-assets/gate/2025/ar/q48_diag.png,True,question_stem,VERIFIED
AR,53,diagram,/exam-assets/gate/2025/ar/q53_diag.png,True,question_stem,VERIFIED
AR,54,diagram,/exam-assets/gate/2025/ar/q54_diag.png,True,question_stem,VERIFIED
AR,81,diagram,/exam-assets/gate/2025/ar/q81_diag.png,True,question_stem,VERIFIED
BM,4,diagram,/exam-assets/gate/2025/bm/q4_diag.png,True,question_stem,VERIFIED
BM,7,diagram,/exam-assets/gate/2025/bm/q7_diag.png,True,question_stem,VERIFIED
BM,8,diagram,/exam-assets/gate/2025/bm/q8_diag.png,True,question_stem,VERIFIED
BM,12,option_A_diagram,/exam-assets/gate/2025/bm/q12_opt_a.png,True,option_A,VERIFIED
BM,12,option_B_diagram,/exam-assets/gate/2025/bm/q12_opt_b.png,True,option_B,VERIFIED
BM,12,option_C_diagram,/exam-assets/gate/2025/bm/q12_opt_c.png,True,option_C,VERIFIED
BM,12,option_D_diagram,/exam-assets/gate/2025/bm/q12_opt_d.png,True,option_D,VERIFIED
BM,15,diagram,/exam-assets/gate/2025/bm/q15_diag.png,True,question_stem,VERIFIED
BM,19,diagram,/exam-assets/gate/2025/bm/q19_diag.png,True,question_stem,VERIFIED
BM,40,diagram,/exam-assets/gate/2025/bm/q40_diag.png,True,question_stem,VERIFIED
BM,44,diagram,/exam-assets/gate/2025/bm/q44_diag.png,True,question_stem,VERIFIED
BM,52,diagram,/exam-assets/gate/2025/bm/q52_diag.png,True,question_stem,VERIFIED
BM,55,diagram,/exam-assets/gate/2025/bm/q55_diag.png,True,question_stem,VERIFIED
BM,56,diagram,/exam-assets/gate/2025/bm/q56_diag.png,True,question_stem,VERIFIED
BM,59,diagram,/exam-assets/gate/2025/bm/q59_diag.png,True,question_stem,VERIFIED
BM,63,diagram,/exam-assets/gate/2025/bm/q63_diag.png,True,question_stem,VERIFIED
BT,5,diagram,/exam-assets/gate/2025/bt/q5_diag.png,True,question_stem,VERIFIED
BT,5,option_A_diagram,/exam-assets/gate/2025/bt/q5_opt_a.png,True,option_A,VERIFIED
BT,5,option_B_diagram,/exam-assets/gate/2025/bt/q5_opt_b.png,True,option_B,VERIFIED
BT,5,option_C_diagram,/exam-assets/gate/2025/bt/q5_opt_c.png,True,option_C,VERIFIED
BT,5,option_D_diagram,/exam-assets/gate/2025/bt/q5_opt_d.png,True,option_D,VERIFIED
BT,8,diagram,/exam-assets/gate/2025/bt/q8_diag.png,True,question_stem,VERIFIED
BT,8,option_A_diagram,/exam-assets/gate/2025/bt/q8_opt_a.png,True,option_A,VERIFIED
BT,8,option_B_diagram,/exam-assets/gate/2025/bt/q8_opt_b.png,True,option_B,VERIFIED
BT,8,option_C_diagram,/exam-assets/gate/2025/bt/q8_opt_c.png,True,option_C,VERIFIED
BT,8,option_D_diagram,/exam-assets/gate/2025/bt/q8_opt_d.png,True,option_D,VERIFIED
BT,10,option_A_diagram,/exam-assets/gate/2025/bt/q10_opt_a.png,True,option_A,VERIFIED
BT,10,option_B_diagram,/exam-assets/gate/2025/bt/q10_opt_b.png,True,option_B,VERIFIED
BT,10,option_C_diagram,/exam-assets/gate/2025/bt/q10_opt_c.png,True,option_C,VERIFIED
BT,10,option_D_diagram,/exam-assets/gate/2025/bt/q10_opt_d.png,True,option_D,VERIFIED
CE-1,5,diagram,/exam-assets/gate/2025/ce-1/q5_diag.png,True,question_stem,VERIFIED
CE-1,5,option_A_diagram,/exam-assets/gate/2025/ce-1/q5_opt_a.png,True,option_A,VERIFIED
CE-1,5,option_B_diagram,/exam-assets/gate/2025/ce-1/q5_opt_b.png,True,option_B,VERIFIED
CE-1,5,option_C_diagram,/exam-assets/gate/2025/ce-1/q5_opt_c.png,True,option_C,VERIFIED
CE-1,5,option_D_diagram,/exam-assets/gate/2025/ce-1/q5_opt_d.png,True,option_D,VERIFIED
CE-1,8,diagram,/exam-assets/gate/2025/ce-1/q8_diag.png,True,question_stem,VERIFIED
CE-1,8,option_A_diagram,/exam-assets/gate/2025/ce-1/q8_opt_a.png,True,option_A,VERIFIED
CE-1,8,option_B_diagram,/exam-assets/gate/2025/ce-1/q8_opt_b.png,True,option_B,VERIFIED
CE-1,8,option_C_diagram,/exam-assets/gate/2025/ce-1/q8_opt_c.png,True,option_C,VERIFIED
CE-1,8,option_D_diagram,/exam-assets/gate/2025/ce-1/q8_opt_d.png,True,option_D,VERIFIED
CE-1,10,option_A_diagram,/exam-assets/gate/2025/ce-1/q10_opt_a.png,True,option_A,VERIFIED
CE-1,10,option_B_diagram,/exam-assets/gate/2025/ce-1/q10_opt_b.png,True,option_B,VERIFIED
CE-1,10,option_C_diagram,/exam-assets/gate/2025/ce-1/q10_opt_c.png,True,option_C,VERIFIED
CE-1,10,option_D_diagram,/exam-assets/gate/2025/ce-1/q10_opt_d.png,True,option_D,VERIFIED
CE-1,17,diagram,/exam-assets/gate/2025/ce-1/q17_diag.png,True,question_stem,VERIFIED
CE-1,18,diagram,/exam-assets/gate/2025/ce-1/q18_diag.png,True,question_stem,VERIFIED
CE-1,29,diagram,/exam-assets/gate/2025/ce-1/q29_diag.png,True,question_stem,VERIFIED
CE-1,35,diagram,/exam-assets/gate/2025/ce-1/q35_diag.png,True,question_stem,VERIFIED
CE-1,37,diagram,/exam-assets/gate/2025/ce-1/q37_diag.png,True,question_stem,VERIFIED
CE-1,40,diagram,/exam-assets/gate/2025/ce-1/q40_diag.png,True,question_stem,VERIFIED
CE-1,41,diagram,/exam-assets/gate/2025/ce-1/q41_diag.png,True,question_stem,VERIFIED
CE-1,50,diagram,/exam-assets/gate/2025/ce-1/q50_diag.png,True,question_stem,VERIFIED
CE-1,51,diagram,/exam-assets/gate/2025/ce-1/q51_diag.png,True,question_stem,VERIFIED
CE-1,53,diagram,/exam-assets/gate/2025/ce-1/q53_diag.png,True,question_stem,VERIFIED
CE-1,54,diagram,/exam-assets/gate/2025/ce-1/q54_diag.png,True,question_stem,VERIFIED
CE-1,55,diagram,/exam-assets/gate/2025/ce-1/q55_diag.png,True,question_stem,VERIFIED
CE-1,56,diagram,/exam-assets/gate/2025/ce-1/q56_diag.png,True,question_stem,VERIFIED
CE-1,59,diagram,/exam-assets/gate/2025/ce-1/q59_diag.png,True,question_stem,VERIFIED
CE-2,7,diagram,/exam-assets/gate/2025/ce-2/q7_diag.png,True,question_stem,VERIFIED
CE-2,10,diagram,/exam-assets/gate/2025/ce-2/q10_diag.png,True,question_stem,VERIFIED
CE-2,14,diagram,/exam-assets/gate/2025/ce-2/q14_diag.png,True,question_stem,VERIFIED
CE-2,33,diagram,/exam-assets/gate/2025/ce-2/q33_diag.png,True,question_stem,VERIFIED
CE-2,38,diagram,/exam-assets/gate/2025/ce-2/q38_diag.png,True,question_stem,VERIFIED
CE-2,39,diagram,/exam-assets/gate/2025/ce-2/q39_diag.png,True,question_stem,VERIFIED
CE-2,46,diagram,/exam-assets/gate/2025/ce-2/q46_diag.png,True,question_stem,VERIFIED
CE-2,53,diagram,/exam-assets/gate/2025/ce-2/q53_diag.png,True,question_stem,VERIFIED
CE-2,55,diagram,/exam-assets/gate/2025/ce-2/q55_diag.png,True,question_stem,VERIFIED
CE-2,57,diagram,/exam-assets/gate/2025/ce-2/q57_diag.png,True,question_stem,VERIFIED
CE-2,60,diagram,/exam-assets/gate/2025/ce-2/q60_diag.png,True,question_stem,VERIFIED
CH,5,diagram,/exam-assets/gate/2025/ch/q5_diag.png,True,question_stem,VERIFIED
CH,5,option_A_diagram,/exam-assets/gate/2025/ch/q5_opt_a.png,True,option_A,VERIFIED
CH,5,option_B_diagram,/exam-assets/gate/2025/ch/q5_opt_b.png,True,option_B,VERIFIED
CH,5,option_C_diagram,/exam-assets/gate/2025/ch/q5_opt_c.png,True,option_C,VERIFIED
CH,5,option_D_diagram,/exam-assets/gate/2025/ch/q5_opt_d.png,True,option_D,VERIFIED
CH,8,diagram,/exam-assets/gate/2025/ch/q8_diag.png,True,question_stem,VERIFIED
CH,8,option_A_diagram,/exam-assets/gate/2025/ch/q8_opt_a.png,True,option_A,VERIFIED
CH,8,option_B_diagram,/exam-assets/gate/2025/ch/q8_opt_b.png,True,option_B,VERIFIED
CH,8,option_C_diagram,/exam-assets/gate/2025/ch/q8_opt_c.png,True,option_C,VERIFIED
CH,8,option_D_diagram,/exam-assets/gate/2025/ch/q8_opt_d.png,True,option_D,VERIFIED
CH,10,option_A_diagram,/exam-assets/gate/2025/ch/q10_opt_a.png,True,option_A,VERIFIED
CH,10,option_B_diagram,/exam-assets/gate/2025/ch/q10_opt_b.png,True,option_B,VERIFIED
CH,10,option_C_diagram,/exam-assets/gate/2025/ch/q10_opt_c.png,True,option_C,VERIFIED
CH,10,option_D_diagram,/exam-assets/gate/2025/ch/q10_opt_d.png,True,option_D,VERIFIED
CH,25,diagram,/exam-assets/gate/2025/ch/q25_diag.png,True,question_stem,VERIFIED
CH,33,diagram,/exam-assets/gate/2025/ch/q33_diag.png,True,question_stem,VERIFIED
CH,38,diagram,/exam-assets/gate/2025/ch/q38_diag.png,True,question_stem,VERIFIED
CH,39,diagram,/exam-assets/gate/2025/ch/q39_diag.png,True,question_stem,VERIFIED
CH,41,diagram,/exam-assets/gate/2025/ch/q41_diag.png,True,question_stem,VERIFIED
CH,48,diagram,/exam-assets/gate/2025/ch/q48_diag.png,True,question_stem,VERIFIED
CH,52,diagram,/exam-assets/gate/2025/ch/q52_diag.png,True,question_stem,VERIFIED
CH,58,diagram,/exam-assets/gate/2025/ch/q58_diag.png,True,question_stem,VERIFIED
CH,62,diagram,/exam-assets/gate/2025/ch/q62_diag.png,True,question_stem,VERIFIED
CH,64,diagram,/exam-assets/gate/2025/ch/q64_diag.png,True,question_stem,VERIFIED
CS-1,5,diagram,/exam-assets/gate/2025/cs-1/q5_diag.png,True,question_stem,VERIFIED
CS-1,7,diagram,/exam-assets/gate/2025/cs-1/q7_diag.png,True,question_stem,VERIFIED
CS-1,9,diagram,/exam-assets/gate/2025/cs-1/q9_diag.png,True,question_stem,VERIFIED
CS-1,9,option_A_diagram,/exam-assets/gate/2025/cs-1/q9_opt_a.png,True,option_A,VERIFIED
CS-1,9,option_B_diagram,/exam-assets/gate/2025/cs-1/q9_opt_b.png,True,option_B,VERIFIED
CS-1,9,option_C_diagram,/exam-assets/gate/2025/cs-1/q9_opt_c.png,True,option_C,VERIFIED
CS-1,9,option_D_diagram,/exam-assets/gate/2025/cs-1/q9_opt_d.png,True,option_D,VERIFIED
CS-1,21,diagram,/exam-assets/gate/2025/cs-1/q21_diag.png,True,question_stem,VERIFIED
CS-1,27,diagram,/exam-assets/gate/2025/cs-1/q27_diag.png,True,question_stem,VERIFIED
CS-1,40,diagram,/exam-assets/gate/2025/cs-1/q40_diag.png,True,question_stem,VERIFIED
CS-1,50,diagram,/exam-assets/gate/2025/cs-1/q50_diag.png,True,question_stem,VERIFIED
CS-1,53,diagram,/exam-assets/gate/2025/cs-1/q53_diag.png,True,question_stem,VERIFIED
CS-1,55,diagram,/exam-assets/gate/2025/cs-1/q55_diag.png,True,question_stem,VERIFIED
CS-1,57,diagram,/exam-assets/gate/2025/cs-1/q57_diag.png,True,question_stem,VERIFIED
CS-1,60,diagram,/exam-assets/gate/2025/cs-1/q60_diag.png,True,question_stem,VERIFIED
CS-1,62,diagram,/exam-assets/gate/2025/cs-1/q62_diag.png,True,question_stem,VERIFIED
CS-1,64,diagram,/exam-assets/gate/2025/cs-1/q64_diag.png,True,question_stem,VERIFIED
CS-2,4,diagram,/exam-assets/gate/2025/cs-2/q4_diag.png,True,question_stem,VERIFIED
CS-2,4,option_A_diagram,/exam-assets/gate/2025/cs-2/q4_opt_a.png,True,option_A,VERIFIED
CS-2,4,option_B_diagram,/exam-assets/gate/2025/cs-2/q4_opt_b.png,True,option_B,VERIFIED
CS-2,4,option_C_diagram,/exam-assets/gate/2025/cs-2/q4_opt_c.png,True,option_C,VERIFIED
CS-2,4,option_D_diagram,/exam-assets/gate/2025/cs-2/q4_opt_d.png,True,option_D,VERIFIED
CS-2,9,diagram,/exam-assets/gate/2025/cs-2/q9_diag.png,True,question_stem,VERIFIED
CS-2,10,diagram,/exam-assets/gate/2025/cs-2/q10_diag.png,True,question_stem,VERIFIED
CS-2,31,diagram,/exam-assets/gate/2025/cs-2/q31_diag.png,True,question_stem,VERIFIED
CS-2,43,diagram,/exam-assets/gate/2025/cs-2/q43_diag.png,True,question_stem,VERIFIED
CS-2,53,diagram,/exam-assets/gate/2025/cs-2/q53_diag.png,True,question_stem,VERIFIED
CS-2,59,diagram,/exam-assets/gate/2025/cs-2/q59_diag.png,True,question_stem,VERIFIED
CY,3,diagram,/exam-assets/gate/2025/cy/q3_diag.png,True,question_stem,VERIFIED
CY,4,diagram,/exam-assets/gate/2025/cy/q4_diag.png,True,question_stem,VERIFIED
CY,8,diagram,/exam-assets/gate/2025/cy/q8_diag.png,True,question_stem,VERIFIED
CY,10,diagram,/exam-assets/gate/2025/cy/q10_diag.png,True,question_stem,VERIFIED
CY,11,option_A_diagram,/exam-assets/gate/2025/cy/q11_opt_a.png,True,option_A,VERIFIED
CY,11,option_B_diagram,/exam-assets/gate/2025/cy/q11_opt_b.png,True,option_B,VERIFIED
CY,11,option_C_diagram,/exam-assets/gate/2025/cy/q11_opt_c.png,True,option_C,VERIFIED
CY,11,option_D_diagram,/exam-assets/gate/2025/cy/q11_opt_d.png,True,option_D,VERIFIED
CY,12,option_A_diagram,/exam-assets/gate/2025/cy/q12_opt_a.png,True,option_A,VERIFIED
CY,12,option_B_diagram,/exam-assets/gate/2025/cy/q12_opt_b.png,True,option_B,VERIFIED
CY,12,option_C_diagram,/exam-assets/gate/2025/cy/q12_opt_c.png,True,option_C,VERIFIED
CY,12,option_D_diagram,/exam-assets/gate/2025/cy/q12_opt_d.png,True,option_D,VERIFIED
CY,14,diagram,/exam-assets/gate/2025/cy/q14_diag.png,True,question_stem,VERIFIED
CY,15,diagram,/exam-assets/gate/2025/cy/q15_diag.png,True,question_stem,VERIFIED
CY,15,option_A_diagram,/exam-assets/gate/2025/cy/q15_opt_a.png,True,option_A,VERIFIED
CY,15,option_B_diagram,/exam-assets/gate/2025/cy/q15_opt_b.png,True,option_B,VERIFIED
CY,15,option_C_diagram,/exam-assets/gate/2025/cy/q15_opt_c.png,True,option_C,VERIFIED
CY,15,option_D_diagram,/exam-assets/gate/2025/cy/q15_opt_d.png,True,option_D,VERIFIED
CY,16,diagram,/exam-assets/gate/2025/cy/q16_diag.png,True,question_stem,VERIFIED
CY,17,option_A_diagram,/exam-assets/gate/2025/cy/q17_opt_a.png,True,option_A,VERIFIED
CY,17,option_B_diagram,/exam-assets/gate/2025/cy/q17_opt_b.png,True,option_B,VERIFIED
CY,17,option_C_diagram,/exam-assets/gate/2025/cy/q17_opt_c.png,True,option_C,VERIFIED
CY,17,option_D_diagram,/exam-assets/gate/2025/cy/q17_opt_d.png,True,option_D,VERIFIED
CY,21,option_A_diagram,/exam-assets/gate/2025/cy/q21_opt_a.png,True,option_A,VERIFIED
CY,21,option_B_diagram,/exam-assets/gate/2025/cy/q21_opt_b.png,True,option_B,VERIFIED
CY,21,option_C_diagram,/exam-assets/gate/2025/cy/q21_opt_c.png,True,option_C,VERIFIED
CY,21,option_D_diagram,/exam-assets/gate/2025/cy/q21_opt_d.png,True,option_D,VERIFIED
CY,22,option_A_diagram,/exam-assets/gate/2025/cy/q22_opt_a.png,True,option_A,VERIFIED
CY,22,option_B_diagram,/exam-assets/gate/2025/cy/q22_opt_b.png,True,option_B,VERIFIED
CY,22,option_C_diagram,/exam-assets/gate/2025/cy/q22_opt_c.png,True,option_C,VERIFIED
CY,22,option_D_diagram,/exam-assets/gate/2025/cy/q22_opt_d.png,True,option_D,VERIFIED
CY,24,option_A_diagram,/exam-assets/gate/2025/cy/q24_opt_a.png,True,option_A,VERIFIED
CY,24,option_C_diagram,/exam-assets/gate/2025/cy/q24_opt_c.png,True,option_C,VERIFIED
CY,24,option_D_diagram,/exam-assets/gate/2025/cy/q24_opt_d.png,True,option_D,VERIFIED
CY,25,diagram,/exam-assets/gate/2025/cy/q25_diag.png,True,question_stem,VERIFIED
CY,26,diagram,/exam-assets/gate/2025/cy/q26_diag.png,True,question_stem,VERIFIED
CY,26,option_A_diagram,/exam-assets/gate/2025/cy/q26_opt_a.png,True,option_A,VERIFIED
CY,26,option_B_diagram,/exam-assets/gate/2025/cy/q26_opt_b.png,True,option_B,VERIFIED
CY,26,option_C_diagram,/exam-assets/gate/2025/cy/q26_opt_c.png,True,option_C,VERIFIED
CY,26,option_D_diagram,/exam-assets/gate/2025/cy/q26_opt_d.png,True,option_D,VERIFIED
CY,27,diagram,/exam-assets/gate/2025/cy/q27_diag.png,True,question_stem,VERIFIED
CY,36,option_A_diagram,/exam-assets/gate/2025/cy/q36_opt_a.png,True,option_A,VERIFIED
CY,36,option_B_diagram,/exam-assets/gate/2025/cy/q36_opt_b.png,True,option_B,VERIFIED
CY,36,option_C_diagram,/exam-assets/gate/2025/cy/q36_opt_c.png,True,option_C,VERIFIED
CY,36,option_D_diagram,/exam-assets/gate/2025/cy/q36_opt_d.png,True,option_D,VERIFIED
CY,38,diagram,/exam-assets/gate/2025/cy/q38_diag.png,True,question_stem,VERIFIED
CY,38,option_A_diagram,/exam-assets/gate/2025/cy/q38_opt_a.png,True,option_A,VERIFIED
CY,38,option_B_diagram,/exam-assets/gate/2025/cy/q38_opt_b.png,True,option_B,VERIFIED
CY,38,option_C_diagram,/exam-assets/gate/2025/cy/q38_opt_c.png,True,option_C,VERIFIED
CY,38,option_D_diagram,/exam-assets/gate/2025/cy/q38_opt_d.png,True,option_D,VERIFIED
CY,39,diagram,/exam-assets/gate/2025/cy/q39_diag.png,True,question_stem,VERIFIED
CY,41,diagram,/exam-assets/gate/2025/cy/q41_diag.png,True,question_stem,VERIFIED
CY,41,option_A_diagram,/exam-assets/gate/2025/cy/q41_opt_a.png,True,option_A,VERIFIED
CY,41,option_B_diagram,/exam-assets/gate/2025/cy/q41_opt_b.png,True,option_B,VERIFIED
CY,41,option_C_diagram,/exam-assets/gate/2025/cy/q41_opt_c.png,True,option_C,VERIFIED
CY,41,option_D_diagram,/exam-assets/gate/2025/cy/q41_opt_d.png,True,option_D,VERIFIED
CY,42,option_A_diagram,/exam-assets/gate/2025/cy/q42_opt_a.png,True,option_A,VERIFIED
CY,42,option_B_diagram,/exam-assets/gate/2025/cy/q42_opt_b.png,True,option_B,VERIFIED
CY,42,option_C_diagram,/exam-assets/gate/2025/cy/q42_opt_c.png,True,option_C,VERIFIED
CY,42,option_D_diagram,/exam-assets/gate/2025/cy/q42_opt_d.png,True,option_D,VERIFIED
CY,43,diagram,/exam-assets/gate/2025/cy/q43_diag.png,True,question_stem,VERIFIED
CY,43,option_A_diagram,/exam-assets/gate/2025/cy/q43_opt_a.png,True,option_A,VERIFIED
CY,43,option_B_diagram,/exam-assets/gate/2025/cy/q43_opt_b.png,True,option_B,VERIFIED
CY,43,option_C_diagram,/exam-assets/gate/2025/cy/q43_opt_c.png,True,option_C,VERIFIED
CY,43,option_D_diagram,/exam-assets/gate/2025/cy/q43_opt_d.png,True,option_D,VERIFIED
CY,44,diagram,/exam-assets/gate/2025/cy/q44_diag.png,True,question_stem,VERIFIED
CY,46,diagram,/exam-assets/gate/2025/cy/q46_diag.png,True,question_stem,VERIFIED
CY,52,diagram,/exam-assets/gate/2025/cy/q52_diag.png,True,question_stem,VERIFIED
CY,53,diagram,/exam-assets/gate/2025/cy/q53_diag.png,True,question_stem,VERIFIED
CY,53,option_B_diagram,/exam-assets/gate/2025/cy/q53_opt_b.png,True,option_B,VERIFIED
CY,53,option_C_diagram,/exam-assets/gate/2025/cy/q53_opt_c.png,True,option_C,VERIFIED
CY,54,diagram,/exam-assets/gate/2025/cy/q54_diag.png,True,question_stem,VERIFIED
CY,55,diagram,/exam-assets/gate/2025/cy/q55_diag.png,True,question_stem,VERIFIED
CY,55,option_A_diagram,/exam-assets/gate/2025/cy/q55_opt_a.png,True,option_A,VERIFIED
CY,55,option_B_diagram,/exam-assets/gate/2025/cy/q55_opt_b.png,True,option_B,VERIFIED
CY,55,option_C_diagram,/exam-assets/gate/2025/cy/q55_opt_c.png,True,option_C,VERIFIED
CY,55,option_D_diagram,/exam-assets/gate/2025/cy/q55_opt_d.png,True,option_D,VERIFIED
CY,59,diagram,/exam-assets/gate/2025/cy/q59_diag.png,True,question_stem,VERIFIED
DA,3,diagram,/exam-assets/gate/2025/da/q3_diag.png,True,question_stem,VERIFIED
DA,4,diagram,/exam-assets/gate/2025/da/q4_diag.png,True,question_stem,VERIFIED
DA,8,diagram,/exam-assets/gate/2025/da/q8_diag.png,True,question_stem,VERIFIED
DA,10,diagram,/exam-assets/gate/2025/da/q10_diag.png,True,question_stem,VERIFIED
DA,42,diagram,/exam-assets/gate/2025/da/q42_diag.png,True,question_stem,VERIFIED
DA,43,diagram,/exam-assets/gate/2025/da/q43_diag.png,True,question_stem,VERIFIED
DA,44,diagram,/exam-assets/gate/2025/da/q44_diag.png,True,question_stem,VERIFIED
DA,58,diagram,/exam-assets/gate/2025/da/q58_diag.png,True,question_stem,VERIFIED
EC,4,diagram,/exam-assets/gate/2025/ec/q4_diag.png,True,question_stem,VERIFIED
EC,7,diagram,/exam-assets/gate/2025/ec/q7_diag.png,True,question_stem,VERIFIED
EC,8,diagram,/exam-assets/gate/2025/ec/q8_diag.png,True,question_stem,VERIFIED
EC,15,option_A_diagram,/exam-assets/gate/2025/ec/q15_opt_a.png,True,option_A,VERIFIED
EC,15,option_B_diagram,/exam-assets/gate/2025/ec/q15_opt_b.png,True,option_B,VERIFIED
EC,15,option_C_diagram,/exam-assets/gate/2025/ec/q15_opt_c.png,True,option_C,VERIFIED
EC,15,option_D_diagram,/exam-assets/gate/2025/ec/q15_opt_d.png,True,option_D,VERIFIED
EC,16,diagram,/exam-assets/gate/2025/ec/q16_diag.png,True,question_stem,VERIFIED
EC,17,diagram,/exam-assets/gate/2025/ec/q17_diag.png,True,question_stem,VERIFIED
EC,20,diagram,/exam-assets/gate/2025/ec/q20_diag.png,True,question_stem,VERIFIED
EC,21,diagram,/exam-assets/gate/2025/ec/q21_diag.png,True,question_stem,VERIFIED
EC,22,diagram,/exam-assets/gate/2025/ec/q22_diag.png,True,question_stem,VERIFIED
EC,24,diagram,/exam-assets/gate/2025/ec/q24_diag.png,True,question_stem,VERIFIED
EC,26,diagram,/exam-assets/gate/2025/ec/q26_diag.png,True,question_stem,VERIFIED
EC,34,diagram,/exam-assets/gate/2025/ec/q34_diag.png,True,question_stem,VERIFIED
EC,35,diagram,/exam-assets/gate/2025/ec/q35_diag.png,True,question_stem,VERIFIED
EC,36,diagram,/exam-assets/gate/2025/ec/q36_diag.png,True,question_stem,VERIFIED
EC,39,diagram,/exam-assets/gate/2025/ec/q39_diag.png,True,question_stem,VERIFIED
EC,40,diagram,/exam-assets/gate/2025/ec/q40_diag.png,True,question_stem,VERIFIED
EC,43,diagram,/exam-assets/gate/2025/ec/q43_diag.png,True,question_stem,VERIFIED
EC,45,diagram,/exam-assets/gate/2025/ec/q45_diag.png,True,question_stem,VERIFIED
EC,47,diagram,/exam-assets/gate/2025/ec/q47_diag.png,True,question_stem,VERIFIED
EC,49,diagram,/exam-assets/gate/2025/ec/q49_diag.png,True,question_stem,VERIFIED
EC,56,diagram,/exam-assets/gate/2025/ec/q56_diag.png,True,question_stem,VERIFIED
EC,56,option_A_diagram,/exam-assets/gate/2025/ec/q56_opt_a.png,True,option_A,VERIFIED
EC,56,option_B_diagram,/exam-assets/gate/2025/ec/q56_opt_b.png,True,option_B,VERIFIED
EC,56,option_C_diagram,/exam-assets/gate/2025/ec/q56_opt_c.png,True,option_C,VERIFIED
EC,56,option_D_diagram,/exam-assets/gate/2025/ec/q56_opt_d.png,True,option_D,VERIFIED
EC,57,diagram,/exam-assets/gate/2025/ec/q57_diag.png,True,question_stem,VERIFIED
EC,57,option_A_diagram,/exam-assets/gate/2025/ec/q57_opt_a.png,True,option_A,VERIFIED
EC,57,option_B_diagram,/exam-assets/gate/2025/ec/q57_opt_b.png,True,option_B,VERIFIED
EC,57,option_C_diagram,/exam-assets/gate/2025/ec/q57_opt_c.png,True,option_C,VERIFIED
EC,57,option_D_diagram,/exam-assets/gate/2025/ec/q57_opt_d.png,True,option_D,VERIFIED
EC,61,diagram,/exam-assets/gate/2025/ec/q61_diag.png,True,question_stem,VERIFIED
EC,62,diagram,/exam-assets/gate/2025/ec/q62_diag.png,True,question_stem,VERIFIED
EC,65,diagram,/exam-assets/gate/2025/ec/q65_diag.png,True,question_stem,VERIFIED
EE,3,diagram,/exam-assets/gate/2025/ee/q3_diag.png,True,question_stem,VERIFIED
EE,4,diagram,/exam-assets/gate/2025/ee/q4_diag.png,True,question_stem,VERIFIED
EE,7,diagram,/exam-assets/gate/2025/ee/q7_diag.png,True,question_stem,VERIFIED
EE,10,diagram,/exam-assets/gate/2025/ee/q10_diag.png,True,question_stem,VERIFIED
EE,17,diagram,/exam-assets/gate/2025/ee/q17_diag.png,True,question_stem,VERIFIED
EE,18,diagram,/exam-assets/gate/2025/ee/q18_diag.png,True,question_stem,VERIFIED
EE,23,diagram,/exam-assets/gate/2025/ee/q23_diag.png,True,question_stem,VERIFIED
EE,25,diagram,/exam-assets/gate/2025/ee/q25_diag.png,True,question_stem,VERIFIED
EE,26,diagram,/exam-assets/gate/2025/ee/q26_diag.png,True,question_stem,VERIFIED
EE,29,diagram,/exam-assets/gate/2025/ee/q29_diag.png,True,question_stem,VERIFIED
EE,34,diagram,/exam-assets/gate/2025/ee/q34_diag.png,True,question_stem,VERIFIED
EE,38,diagram,/exam-assets/gate/2025/ee/q38_diag.png,True,question_stem,VERIFIED
EE,39,diagram,/exam-assets/gate/2025/ee/q39_diag.png,True,question_stem,VERIFIED
EE,41,diagram,/exam-assets/gate/2025/ee/q41_diag.png,True,question_stem,VERIFIED
EE,43,diagram,/exam-assets/gate/2025/ee/q43_diag.png,True,question_stem,VERIFIED
EE,47,diagram,/exam-assets/gate/2025/ee/q47_diag.png,True,question_stem,VERIFIED
EE,48,diagram,/exam-assets/gate/2025/ee/q48_diag.png,True,question_stem,VERIFIED
EE,49,diagram,/exam-assets/gate/2025/ee/q49_diag.png,True,question_stem,VERIFIED
EE,50,diagram,/exam-assets/gate/2025/ee/q50_diag.png,True,question_stem,VERIFIED
EE,56,diagram,/exam-assets/gate/2025/ee/q56_diag.png,True,question_stem,VERIFIED
EE,57,diagram,/exam-assets/gate/2025/ee/q57_diag.png,True,question_stem,VERIFIED
EE,58,diagram,/exam-assets/gate/2025/ee/q58_diag.png,True,question_stem,VERIFIED
EE,59,diagram,/exam-assets/gate/2025/ee/q59_diag.png,True,question_stem,VERIFIED
EE,60,diagram,/exam-assets/gate/2025/ee/q60_diag.png,True,question_stem,VERIFIED
EE,65,diagram,/exam-assets/gate/2025/ee/q65_diag.png,True,question_stem,VERIFIED
ES,3,diagram,/exam-assets/gate/2025/es/q3_diag.png,True,question_stem,VERIFIED
ES,4,diagram,/exam-assets/gate/2025/es/q4_diag.png,True,question_stem,VERIFIED
ES,8,diagram,/exam-assets/gate/2025/es/q8_diag.png,True,question_stem,VERIFIED
ES,10,diagram,/exam-assets/gate/2025/es/q10_diag.png,True,question_stem,VERIFIED
ES,18,diagram,/exam-assets/gate/2025/es/q18_diag.png,True,question_stem,VERIFIED
ES,29,option_A_diagram,/exam-assets/gate/2025/es/q29_opt_a.png,True,option_A,VERIFIED
ES,29,option_B_diagram,/exam-assets/gate/2025/es/q29_opt_b.png,True,option_B,VERIFIED
ES,29,option_C_diagram,/exam-assets/gate/2025/es/q29_opt_c.png,True,option_C,VERIFIED
ES,29,option_D_diagram,/exam-assets/gate/2025/es/q29_opt_d.png,True,option_D,VERIFIED
ES,37,diagram,/exam-assets/gate/2025/es/q37_diag.png,True,question_stem,VERIFIED
ES,39,diagram,/exam-assets/gate/2025/es/q39_diag.png,True,question_stem,VERIFIED
ES,47,diagram,/exam-assets/gate/2025/es/q47_diag.png,True,question_stem,VERIFIED
ES,52,diagram,/exam-assets/gate/2025/es/q52_diag.png,True,question_stem,VERIFIED
ES,53,diagram,/exam-assets/gate/2025/es/q53_diag.png,True,question_stem,VERIFIED
ES,55,diagram,/exam-assets/gate/2025/es/q55_diag.png,True,question_stem,VERIFIED
ES,62,diagram,/exam-assets/gate/2025/es/q62_diag.png,True,question_stem,VERIFIED
EY,4,diagram,/exam-assets/gate/2025/ey/q4_diag.png,True,question_stem,VERIFIED
EY,7,diagram,/exam-assets/gate/2025/ey/q7_diag.png,True,question_stem,VERIFIED
EY,8,diagram,/exam-assets/gate/2025/ey/q8_diag.png,True,question_stem,VERIFIED
EY,27,diagram,/exam-assets/gate/2025/ey/q27_diag.png,True,question_stem,VERIFIED
EY,41,diagram,/exam-assets/gate/2025/ey/q41_diag.png,True,question_stem,VERIFIED
EY,49,diagram,/exam-assets/gate/2025/ey/q49_diag.png,True,question_stem,VERIFIED
EY,56,diagram,/exam-assets/gate/2025/ey/q56_diag.png,True,question_stem,VERIFIED
EY,58,diagram,/exam-assets/gate/2025/ey/q58_diag.png,True,question_stem,VERIFIED
EY,60,diagram,/exam-assets/gate/2025/ey/q60_diag.png,True,question_stem,VERIFIED
EY,62,diagram,/exam-assets/gate/2025/ey/q62_diag.png,True,question_stem,VERIFIED
GE,4,diagram,/exam-assets/gate/2025/ge/q4_diag.png,True,question_stem,VERIFIED
GE,7,diagram,/exam-assets/gate/2025/ge/q7_diag.png,True,question_stem,VERIFIED
GE,8,diagram,/exam-assets/gate/2025/ge/q8_diag.png,True,question_stem,VERIFIED
GE,21,diagram,/exam-assets/gate/2025/ge/q21_diag.png,True,question_stem,VERIFIED
GE,22,diagram,/exam-assets/gate/2025/ge/q22_diag.png,True,question_stem,VERIFIED
GE,28,diagram,/exam-assets/gate/2025/ge/q28_diag.png,True,question_stem,VERIFIED
GE,32,diagram,/exam-assets/gate/2025/ge/q32_diag.png,True,question_stem,VERIFIED
GE,33,diagram,/exam-assets/gate/2025/ge/q33_diag.png,True,question_stem,VERIFIED
GE,35,diagram,/exam-assets/gate/2025/ge/q35_diag.png,True,question_stem,VERIFIED
GE,50,diagram,/exam-assets/gate/2025/ge/q50_diag.png,True,question_stem,VERIFIED
GE,52,diagram,/exam-assets/gate/2025/ge/q52_diag.png,True,question_stem,VERIFIED
GE,56,diagram,/exam-assets/gate/2025/ge/q56_diag.png,True,question_stem,VERIFIED
GE,60,diagram,/exam-assets/gate/2025/ge/q60_diag.png,True,question_stem,VERIFIED
GE,74,diagram,/exam-assets/gate/2025/ge/q74_diag.png,True,question_stem,VERIFIED
GE,74,option_A_diagram,/exam-assets/gate/2025/ge/q74_opt_a.png,True,option_A,VERIFIED
GE,74,option_B_diagram,/exam-assets/gate/2025/ge/q74_opt_b.png,True,option_B,VERIFIED
GE,74,option_C_diagram,/exam-assets/gate/2025/ge/q74_opt_c.png,True,option_C,VERIFIED
GE,74,option_D_diagram,/exam-assets/gate/2025/ge/q74_opt_d.png,True,option_D,VERIFIED
GE,75,diagram,/exam-assets/gate/2025/ge/q75_diag.png,True,question_stem,VERIFIED
GE,78,diagram,/exam-assets/gate/2025/ge/q78_diag.png,True,question_stem,VERIFIED
GE,79,diagram,/exam-assets/gate/2025/ge/q79_diag.png,True,question_stem,VERIFIED
GE,83,diagram,/exam-assets/gate/2025/ge/q83_diag.png,True,question_stem,VERIFIED
GE,84,diagram,/exam-assets/gate/2025/ge/q84_diag.png,True,question_stem,VERIFIED
GG-1,5,diagram,/exam-assets/gate/2025/gg-1/q5_diag.png,True,question_stem,VERIFIED
GG-1,5,option_A_diagram,/exam-assets/gate/2025/gg-1/q5_opt_a.png,True,option_A,VERIFIED
GG-1,5,option_B_diagram,/exam-assets/gate/2025/gg-1/q5_opt_b.png,True,option_B,VERIFIED
GG-1,5,option_C_diagram,/exam-assets/gate/2025/gg-1/q5_opt_c.png,True,option_C,VERIFIED
GG-1,5,option_D_diagram,/exam-assets/gate/2025/gg-1/q5_opt_d.png,True,option_D,VERIFIED
GG-1,8,diagram,/exam-assets/gate/2025/gg-1/q8_diag.png,True,question_stem,VERIFIED
GG-1,8,option_A_diagram,/exam-assets/gate/2025/gg-1/q8_opt_a.png,True,option_A,VERIFIED
GG-1,8,option_B_diagram,/exam-assets/gate/2025/gg-1/q8_opt_b.png,True,option_B,VERIFIED
GG-1,8,option_C_diagram,/exam-assets/gate/2025/gg-1/q8_opt_c.png,True,option_C,VERIFIED
GG-1,8,option_D_diagram,/exam-assets/gate/2025/gg-1/q8_opt_d.png,True,option_D,VERIFIED
GG-1,10,option_A_diagram,/exam-assets/gate/2025/gg-1/q10_opt_a.png,True,option_A,VERIFIED
GG-1,10,option_B_diagram,/exam-assets/gate/2025/gg-1/q10_opt_b.png,True,option_B,VERIFIED
GG-1,10,option_C_diagram,/exam-assets/gate/2025/gg-1/q10_opt_c.png,True,option_C,VERIFIED
GG-1,10,option_D_diagram,/exam-assets/gate/2025/gg-1/q10_opt_d.png,True,option_D,VERIFIED
GG-1,19,diagram,/exam-assets/gate/2025/gg-1/q19_diag.png,True,question_stem,VERIFIED
GG-1,26,diagram,/exam-assets/gate/2025/gg-1/q26_diag.png,True,question_stem,VERIFIED
GG-1,30,diagram,/exam-assets/gate/2025/gg-1/q30_diag.png,True,question_stem,VERIFIED
GG-1,35,diagram,/exam-assets/gate/2025/gg-1/q35_diag.png,True,question_stem,VERIFIED
GG-1,46,diagram,/exam-assets/gate/2025/gg-1/q46_diag.png,True,question_stem,VERIFIED
GG-1,50,diagram,/exam-assets/gate/2025/gg-1/q50_diag.png,True,question_stem,VERIFIED
GG-1,51,diagram,/exam-assets/gate/2025/gg-1/q51_diag.png,True,question_stem,VERIFIED
GG-1,62,diagram,/exam-assets/gate/2025/gg-1/q62_diag.png,True,question_stem,VERIFIED
GG-1,63,diagram,/exam-assets/gate/2025/gg-1/q63_diag.png,True,question_stem,VERIFIED
GG-2,5,diagram,/exam-assets/gate/2025/gg-2/q5_diag.png,True,question_stem,VERIFIED
GG-2,5,option_A_diagram,/exam-assets/gate/2025/gg-2/q5_opt_a.png,True,option_A,VERIFIED
GG-2,5,option_B_diagram,/exam-assets/gate/2025/gg-2/q5_opt_b.png,True,option_B,VERIFIED
GG-2,5,option_C_diagram,/exam-assets/gate/2025/gg-2/q5_opt_c.png,True,option_C,VERIFIED
GG-2,5,option_D_diagram,/exam-assets/gate/2025/gg-2/q5_opt_d.png,True,option_D,VERIFIED
GG-2,8,diagram,/exam-assets/gate/2025/gg-2/q8_diag.png,True,question_stem,VERIFIED
GG-2,8,option_A_diagram,/exam-assets/gate/2025/gg-2/q8_opt_a.png,True,option_A,VERIFIED
GG-2,8,option_B_diagram,/exam-assets/gate/2025/gg-2/q8_opt_b.png,True,option_B,VERIFIED
GG-2,8,option_C_diagram,/exam-assets/gate/2025/gg-2/q8_opt_c.png,True,option_C,VERIFIED
GG-2,8,option_D_diagram,/exam-assets/gate/2025/gg-2/q8_opt_d.png,True,option_D,VERIFIED
GG-2,10,option_A_diagram,/exam-assets/gate/2025/gg-2/q10_opt_a.png,True,option_A,VERIFIED
GG-2,10,option_B_diagram,/exam-assets/gate/2025/gg-2/q10_opt_b.png,True,option_B,VERIFIED
GG-2,10,option_C_diagram,/exam-assets/gate/2025/gg-2/q10_opt_c.png,True,option_C,VERIFIED
GG-2,10,option_D_diagram,/exam-assets/gate/2025/gg-2/q10_opt_d.png,True,option_D,VERIFIED
GG-2,19,diagram,/exam-assets/gate/2025/gg-2/q19_diag.png,True,question_stem,VERIFIED
GG-2,26,diagram,/exam-assets/gate/2025/gg-2/q26_diag.png,True,question_stem,VERIFIED
GG-2,38,diagram,/exam-assets/gate/2025/gg-2/q38_diag.png,True,question_stem,VERIFIED
GG-2,39,diagram,/exam-assets/gate/2025/gg-2/q39_diag.png,True,question_stem,VERIFIED
GG-2,40,diagram,/exam-assets/gate/2025/gg-2/q40_diag.png,True,question_stem,VERIFIED
GG-2,47,diagram,/exam-assets/gate/2025/gg-2/q47_diag.png,True,question_stem,VERIFIED
GG-2,48,diagram,/exam-assets/gate/2025/gg-2/q48_diag.png,True,question_stem,VERIFIED
GG-2,50,diagram,/exam-assets/gate/2025/gg-2/q50_diag.png,True,question_stem,VERIFIED
GG-2,51,diagram,/exam-assets/gate/2025/gg-2/q51_diag.png,True,question_stem,VERIFIED
GG-2,57,diagram,/exam-assets/gate/2025/gg-2/q57_diag.png,True,question_stem,VERIFIED
GG-2,61,diagram,/exam-assets/gate/2025/gg-2/q61_diag.png,True,question_stem,VERIFIED
GG-2,62,diagram,/exam-assets/gate/2025/gg-2/q62_diag.png,True,question_stem,VERIFIED
GG-2,63,diagram,/exam-assets/gate/2025/gg-2/q63_diag.png,True,question_stem,VERIFIED
IN,4,diagram,/exam-assets/gate/2025/in/q4_diag.png,True,question_stem,VERIFIED
IN,4,option_A_diagram,/exam-assets/gate/2025/in/q4_opt_a.png,True,option_A,VERIFIED
IN,4,option_B_diagram,/exam-assets/gate/2025/in/q4_opt_b.png,True,option_B,VERIFIED
IN,4,option_C_diagram,/exam-assets/gate/2025/in/q4_opt_c.png,True,option_C,VERIFIED
IN,4,option_D_diagram,/exam-assets/gate/2025/in/q4_opt_d.png,True,option_D,VERIFIED
IN,9,diagram,/exam-assets/gate/2025/in/q9_diag.png,True,question_stem,VERIFIED
IN,10,diagram,/exam-assets/gate/2025/in/q10_diag.png,True,question_stem,VERIFIED
IN,14,diagram,/exam-assets/gate/2025/in/q14_diag.png,True,question_stem,VERIFIED
IN,15,diagram,/exam-assets/gate/2025/in/q15_diag.png,True,question_stem,VERIFIED
IN,17,diagram,/exam-assets/gate/2025/in/q17_diag.png,True,question_stem,VERIFIED
IN,20,diagram,/exam-assets/gate/2025/in/q20_diag.png,True,question_stem,VERIFIED
IN,21,diagram,/exam-assets/gate/2025/in/q21_diag.png,True,question_stem,VERIFIED
IN,24,diagram,/exam-assets/gate/2025/in/q24_diag.png,True,question_stem,VERIFIED
IN,28,diagram,/exam-assets/gate/2025/in/q28_diag.png,True,question_stem,VERIFIED
IN,30,diagram,/exam-assets/gate/2025/in/q30_diag.png,True,question_stem,VERIFIED
IN,35,diagram,/exam-assets/gate/2025/in/q35_diag.png,True,question_stem,VERIFIED
IN,40,diagram,/exam-assets/gate/2025/in/q40_diag.png,True,question_stem,VERIFIED
IN,41,diagram,/exam-assets/gate/2025/in/q41_diag.png,True,question_stem,VERIFIED
IN,42,diagram,/exam-assets/gate/2025/in/q42_diag.png,True,question_stem,VERIFIED
IN,43,diagram,/exam-assets/gate/2025/in/q43_diag.png,True,question_stem,VERIFIED
IN,45,diagram,/exam-assets/gate/2025/in/q45_diag.png,True,question_stem,VERIFIED
IN,47,diagram,/exam-assets/gate/2025/in/q47_diag.png,True,question_stem,VERIFIED
IN,50,diagram,/exam-assets/gate/2025/in/q50_diag.png,True,question_stem,VERIFIED
IN,53,diagram,/exam-assets/gate/2025/in/q53_diag.png,True,question_stem,VERIFIED
IN,55,diagram,/exam-assets/gate/2025/in/q55_diag.png,True,question_stem,VERIFIED
IN,56,diagram,/exam-assets/gate/2025/in/q56_diag.png,True,question_stem,VERIFIED
IN,57,diagram,/exam-assets/gate/2025/in/q57_diag.png,True,question_stem,VERIFIED
IN,59,diagram,/exam-assets/gate/2025/in/q59_diag.png,True,question_stem,VERIFIED
IN,60,diagram,/exam-assets/gate/2025/in/q60_diag.png,True,question_stem,VERIFIED
IN,61,diagram,/exam-assets/gate/2025/in/q61_diag.png,True,question_stem,VERIFIED
IN,63,diagram,/exam-assets/gate/2025/in/q63_diag.png,True,question_stem,VERIFIED
IN,64,diagram,/exam-assets/gate/2025/in/q64_diag.png,True,question_stem,VERIFIED
IN,65,diagram,/exam-assets/gate/2025/in/q65_diag.png,True,question_stem,VERIFIED
MA,5,diagram,/exam-assets/gate/2025/ma/q5_diag.png,True,question_stem,VERIFIED
MA,7,diagram,/exam-assets/gate/2025/ma/q7_diag.png,True,question_stem,VERIFIED
MA,9,diagram,/exam-assets/gate/2025/ma/q9_diag.png,True,question_stem,VERIFIED
MA,9,option_A_diagram,/exam-assets/gate/2025/ma/q9_opt_a.png,True,option_A,VERIFIED
MA,9,option_B_diagram,/exam-assets/gate/2025/ma/q9_opt_b.png,True,option_B,VERIFIED
MA,9,option_C_diagram,/exam-assets/gate/2025/ma/q9_opt_c.png,True,option_C,VERIFIED
MA,9,option_D_diagram,/exam-assets/gate/2025/ma/q9_opt_d.png,True,option_D,VERIFIED
ME,8,diagram,/exam-assets/gate/2025/me/q8_diag.png,True,question_stem,VERIFIED
ME,8,option_A_diagram,/exam-assets/gate/2025/me/q8_opt_a.png,True,option_A,VERIFIED
ME,8,option_B_diagram,/exam-assets/gate/2025/me/q8_opt_b.png,True,option_B,VERIFIED
ME,8,option_C_diagram,/exam-assets/gate/2025/me/q8_opt_c.png,True,option_C,VERIFIED
ME,8,option_D_diagram,/exam-assets/gate/2025/me/q8_opt_d.png,True,option_D,VERIFIED
ME,15,diagram,/exam-assets/gate/2025/me/q15_diag.png,True,question_stem,VERIFIED
ME,16,diagram,/exam-assets/gate/2025/me/q16_diag.png,True,question_stem,VERIFIED
ME,18,diagram,/exam-assets/gate/2025/me/q18_diag.png,True,question_stem,VERIFIED
ME,26,diagram,/exam-assets/gate/2025/me/q26_diag.png,True,question_stem,VERIFIED
ME,27,diagram,/exam-assets/gate/2025/me/q27_diag.png,True,question_stem,VERIFIED
ME,28,option_A_diagram,/exam-assets/gate/2025/me/q28_opt_a.png,True,option_A,VERIFIED
ME,28,option_B_diagram,/exam-assets/gate/2025/me/q28_opt_b.png,True,option_B,VERIFIED
ME,28,option_C_diagram,/exam-assets/gate/2025/me/q28_opt_c.png,True,option_C,VERIFIED
ME,28,option_D_diagram,/exam-assets/gate/2025/me/q28_opt_d.png,True,option_D,VERIFIED
ME,33,diagram,/exam-assets/gate/2025/me/q33_diag.png,True,question_stem,VERIFIED
ME,42,diagram,/exam-assets/gate/2025/me/q42_diag.png,True,question_stem,VERIFIED
ME,48,diagram,/exam-assets/gate/2025/me/q48_diag.png,True,question_stem,VERIFIED
ME,49,diagram,/exam-assets/gate/2025/me/q49_diag.png,True,question_stem,VERIFIED
ME,51,diagram,/exam-assets/gate/2025/me/q51_diag.png,True,question_stem,VERIFIED
ME,56,diagram,/exam-assets/gate/2025/me/q56_diag.png,True,question_stem,VERIFIED
ME,57,diagram,/exam-assets/gate/2025/me/q57_diag.png,True,question_stem,VERIFIED
ME,58,diagram,/exam-assets/gate/2025/me/q58_diag.png,True,question_stem,VERIFIED
ME,60,diagram,/exam-assets/gate/2025/me/q60_diag.png,True,question_stem,VERIFIED
ME,61,diagram,/exam-assets/gate/2025/me/q61_diag.png,True,question_stem,VERIFIED
MN,7,diagram,/exam-assets/gate/2025/mn/q7_diag.png,True,question_stem,VERIFIED
MN,10,diagram,/exam-assets/gate/2025/mn/q10_diag.png,True,question_stem,VERIFIED
MN,18,diagram,/exam-assets/gate/2025/mn/q18_diag.png,True,question_stem,VERIFIED
MN,19,diagram,/exam-assets/gate/2025/mn/q19_diag.png,True,question_stem,VERIFIED
MN,21,diagram,/exam-assets/gate/2025/mn/q21_diag.png,True,question_stem,VERIFIED
MN,24,diagram,/exam-assets/gate/2025/mn/q24_diag.png,True,question_stem,VERIFIED
MN,27,diagram,/exam-assets/gate/2025/mn/q27_diag.png,True,question_stem,VERIFIED
MN,30,diagram,/exam-assets/gate/2025/mn/q30_diag.png,True,question_stem,VERIFIED
MN,31,diagram,/exam-assets/gate/2025/mn/q31_diag.png,True,question_stem,VERIFIED
MN,39,diagram,/exam-assets/gate/2025/mn/q39_diag.png,True,question_stem,VERIFIED
MN,40,diagram,/exam-assets/gate/2025/mn/q40_diag.png,True,question_stem,VERIFIED
MN,43,diagram,/exam-assets/gate/2025/mn/q43_diag.png,True,question_stem,VERIFIED
MN,53,diagram,/exam-assets/gate/2025/mn/q53_diag.png,True,question_stem,VERIFIED
MN,54,diagram,/exam-assets/gate/2025/mn/q54_diag.png,True,question_stem,VERIFIED
MT,4,diagram,/exam-assets/gate/2025/mt/q4_diag.png,True,question_stem,VERIFIED
MT,4,option_A_diagram,/exam-assets/gate/2025/mt/q4_opt_a.png,True,option_A,VERIFIED
MT,4,option_B_diagram,/exam-assets/gate/2025/mt/q4_opt_b.png,True,option_B,VERIFIED
MT,4,option_C_diagram,/exam-assets/gate/2025/mt/q4_opt_c.png,True,option_C,VERIFIED
MT,4,option_D_diagram,/exam-assets/gate/2025/mt/q4_opt_d.png,True,option_D,VERIFIED
MT,9,diagram,/exam-assets/gate/2025/mt/q9_diag.png,True,question_stem,VERIFIED
MT,10,diagram,/exam-assets/gate/2025/mt/q10_diag.png,True,question_stem,VERIFIED
MT,37,diagram,/exam-assets/gate/2025/mt/q37_diag.png,True,question_stem,VERIFIED
NM,4,diagram,/exam-assets/gate/2025/nm/q4_diag.png,True,question_stem,VERIFIED
NM,4,option_A_diagram,/exam-assets/gate/2025/nm/q4_opt_a.png,True,option_A,VERIFIED
NM,4,option_B_diagram,/exam-assets/gate/2025/nm/q4_opt_b.png,True,option_B,VERIFIED
NM,4,option_C_diagram,/exam-assets/gate/2025/nm/q4_opt_c.png,True,option_C,VERIFIED
NM,4,option_D_diagram,/exam-assets/gate/2025/nm/q4_opt_d.png,True,option_D,VERIFIED
NM,9,diagram,/exam-assets/gate/2025/nm/q9_diag.png,True,question_stem,VERIFIED
NM,10,diagram,/exam-assets/gate/2025/nm/q10_diag.png,True,question_stem,VERIFIED
NM,26,diagram,/exam-assets/gate/2025/nm/q26_diag.png,True,question_stem,VERIFIED
NM,37,diagram,/exam-assets/gate/2025/nm/q37_diag.png,True,question_stem,VERIFIED
NM,38,diagram,/exam-assets/gate/2025/nm/q38_diag.png,True,question_stem,VERIFIED
NM,41,diagram,/exam-assets/gate/2025/nm/q41_diag.png,True,question_stem,VERIFIED
NM,42,diagram,/exam-assets/gate/2025/nm/q42_diag.png,True,question_stem,VERIFIED
NM,42,option_A_diagram,/exam-assets/gate/2025/nm/q42_opt_a.png,True,option_A,VERIFIED
NM,42,option_B_diagram,/exam-assets/gate/2025/nm/q42_opt_b.png,True,option_B,VERIFIED
NM,42,option_C_diagram,/exam-assets/gate/2025/nm/q42_opt_c.png,True,option_C,VERIFIED
NM,42,option_D_diagram,/exam-assets/gate/2025/nm/q42_opt_d.png,True,option_D,VERIFIED
NM,46,diagram,/exam-assets/gate/2025/nm/q46_diag.png,True,question_stem,VERIFIED
NM,52,diagram,/exam-assets/gate/2025/nm/q52_diag.png,True,question_stem,VERIFIED
NM,54,diagram,/exam-assets/gate/2025/nm/q54_diag.png,True,question_stem,VERIFIED
NM,56,diagram,/exam-assets/gate/2025/nm/q56_diag.png,True,question_stem,VERIFIED
NM,57,diagram,/exam-assets/gate/2025/nm/q57_diag.png,True,question_stem,VERIFIED
NM,59,diagram,/exam-assets/gate/2025/nm/q59_diag.png,True,question_stem,VERIFIED
NM,60,diagram,/exam-assets/gate/2025/nm/q60_diag.png,True,question_stem,VERIFIED
NM,62,diagram,/exam-assets/gate/2025/nm/q62_diag.png,True,question_stem,VERIFIED
NM,63,diagram,/exam-assets/gate/2025/nm/q63_diag.png,True,question_stem,VERIFIED
PE,8,diagram,/exam-assets/gate/2025/pe/q8_diag.png,True,question_stem,VERIFIED
PE,8,option_A_diagram,/exam-assets/gate/2025/pe/q8_opt_a.png,True,option_A,VERIFIED
PE,8,option_B_diagram,/exam-assets/gate/2025/pe/q8_opt_b.png,True,option_B,VERIFIED
PE,8,option_C_diagram,/exam-assets/gate/2025/pe/q8_opt_c.png,True,option_C,VERIFIED
PE,8,option_D_diagram,/exam-assets/gate/2025/pe/q8_opt_d.png,True,option_D,VERIFIED
PE,17,diagram,/exam-assets/gate/2025/pe/q17_diag.png,True,question_stem,VERIFIED
PE,19,diagram,/exam-assets/gate/2025/pe/q19_diag.png,True,question_stem,VERIFIED
PE,24,diagram,/exam-assets/gate/2025/pe/q24_diag.png,True,question_stem,VERIFIED
PE,38,diagram,/exam-assets/gate/2025/pe/q38_diag.png,True,question_stem,VERIFIED
PE,43,diagram,/exam-assets/gate/2025/pe/q43_diag.png,True,question_stem,VERIFIED
PE,46,diagram,/exam-assets/gate/2025/pe/q46_diag.png,True,question_stem,VERIFIED
PH,5,diagram,/exam-assets/gate/2025/ph/q5_diag.png,True,question_stem,VERIFIED
PH,5,option_A_diagram,/exam-assets/gate/2025/ph/q5_opt_a.png,True,option_A,VERIFIED
PH,5,option_B_diagram,/exam-assets/gate/2025/ph/q5_opt_b.png,True,option_B,VERIFIED
PH,5,option_C_diagram,/exam-assets/gate/2025/ph/q5_opt_c.png,True,option_C,VERIFIED
PH,5,option_D_diagram,/exam-assets/gate/2025/ph/q5_opt_d.png,True,option_D,VERIFIED
PH,8,diagram,/exam-assets/gate/2025/ph/q8_diag.png,True,question_stem,VERIFIED
PH,8,option_A_diagram,/exam-assets/gate/2025/ph/q8_opt_a.png,True,option_A,VERIFIED
PH,8,option_B_diagram,/exam-assets/gate/2025/ph/q8_opt_b.png,True,option_B,VERIFIED
PH,8,option_C_diagram,/exam-assets/gate/2025/ph/q8_opt_c.png,True,option_C,VERIFIED
PH,8,option_D_diagram,/exam-assets/gate/2025/ph/q8_opt_d.png,True,option_D,VERIFIED
PH,10,option_A_diagram,/exam-assets/gate/2025/ph/q10_opt_a.png,True,option_A,VERIFIED
PH,10,option_B_diagram,/exam-assets/gate/2025/ph/q10_opt_b.png,True,option_B,VERIFIED
PH,10,option_C_diagram,/exam-assets/gate/2025/ph/q10_opt_c.png,True,option_C,VERIFIED
PH,10,option_D_diagram,/exam-assets/gate/2025/ph/q10_opt_d.png,True,option_D,VERIFIED
PH,19,diagram,/exam-assets/gate/2025/ph/q19_diag.png,True,question_stem,VERIFIED
PH,26,diagram,/exam-assets/gate/2025/ph/q26_diag.png,True,question_stem,VERIFIED
PH,28,diagram,/exam-assets/gate/2025/ph/q28_diag.png,True,question_stem,VERIFIED
PH,37,diagram,/exam-assets/gate/2025/ph/q37_diag.png,True,question_stem,VERIFIED
PH,38,diagram,/exam-assets/gate/2025/ph/q38_diag.png,True,question_stem,VERIFIED
PH,39,diagram,/exam-assets/gate/2025/ph/q39_diag.png,True,question_stem,VERIFIED
PH,41,option_A_diagram,/exam-assets/gate/2025/ph/q41_opt_a.png,True,option_A,VERIFIED
PH,41,option_B_diagram,/exam-assets/gate/2025/ph/q41_opt_b.png,True,option_B,VERIFIED
PH,41,option_C_diagram,/exam-assets/gate/2025/ph/q41_opt_c.png,True,option_C,VERIFIED
PH,41,option_D_diagram,/exam-assets/gate/2025/ph/q41_opt_d.png,True,option_D,VERIFIED
PH,48,diagram,/exam-assets/gate/2025/ph/q48_diag.png,True,question_stem,VERIFIED
PH,60,diagram,/exam-assets/gate/2025/ph/q60_diag.png,True,question_stem,VERIFIED
PH,64,diagram,/exam-assets/gate/2025/ph/q64_diag.png,True,question_stem,VERIFIED
PH,65,diagram,/exam-assets/gate/2025/ph/q65_diag.png,True,question_stem,VERIFIED
PI,3,diagram,/exam-assets/gate/2025/pi/q3_diag.png,True,question_stem,VERIFIED
PI,4,diagram,/exam-assets/gate/2025/pi/q4_diag.png,True,question_stem,VERIFIED
PI,8,diagram,/exam-assets/gate/2025/pi/q8_diag.png,True,question_stem,VERIFIED
PI,10,diagram,/exam-assets/gate/2025/pi/q10_diag.png,True,question_stem,VERIFIED
PI,25,diagram,/exam-assets/gate/2025/pi/q25_diag.png,True,question_stem,VERIFIED
PI,27,diagram,/exam-assets/gate/2025/pi/q27_diag.png,True,question_stem,VERIFIED
PI,40,diagram,/exam-assets/gate/2025/pi/q40_diag.png,True,question_stem,VERIFIED
PI,41,diagram,/exam-assets/gate/2025/pi/q41_diag.png,True,question_stem,VERIFIED
PI,55,diagram,/exam-assets/gate/2025/pi/q55_diag.png,True,question_stem,VERIFIED
PI,56,diagram,/exam-assets/gate/2025/pi/q56_diag.png,True,question_stem,VERIFIED
PI,57,diagram,/exam-assets/gate/2025/pi/q57_diag.png,True,question_stem,VERIFIED
ST,7,diagram,/exam-assets/gate/2025/st/q7_diag.png,True,question_stem,VERIFIED
ST,10,diagram,/exam-assets/gate/2025/st/q10_diag.png,True,question_stem,VERIFIED
TF,4,diagram,/exam-assets/gate/2025/tf/q4_diag.png,True,question_stem,VERIFIED
TF,4,option_A_diagram,/exam-assets/gate/2025/tf/q4_opt_a.png,True,option_A,VERIFIED
TF,4,option_B_diagram,/exam-assets/gate/2025/tf/q4_opt_b.png,True,option_B,VERIFIED
TF,4,option_C_diagram,/exam-assets/gate/2025/tf/q4_opt_c.png,True,option_C,VERIFIED
TF,4,option_D_diagram,/exam-assets/gate/2025/tf/q4_opt_d.png,True,option_D,VERIFIED
TF,9,diagram,/exam-assets/gate/2025/tf/q9_diag.png,True,question_stem,VERIFIED
TF,10,diagram,/exam-assets/gate/2025/tf/q10_diag.png,True,question_stem,VERIFIED
XE,7,diagram,/exam-assets/gate/2025/xe/q7_diag.png,True,question_stem,VERIFIED
XE,10,diagram,/exam-assets/gate/2025/xe/q10_diag.png,True,question_stem,VERIFIED
XE,31,diagram,/exam-assets/gate/2025/xe/q31_diag.png,True,question_stem,VERIFIED
XE,32,diagram,/exam-assets/gate/2025/xe/q32_diag.png,True,question_stem,VERIFIED
XE,34,diagram,/exam-assets/gate/2025/xe/q34_diag.png,True,question_stem,VERIFIED
XE,35,diagram,/exam-assets/gate/2025/xe/q35_diag.png,True,question_stem,VERIFIED
XE,53,diagram,/exam-assets/gate/2025/xe/q53_diag.png,True,question_stem,VERIFIED
XE,55,diagram,/exam-assets/gate/2025/xe/q55_diag.png,True,question_stem,VERIFIED
XE,55,option_A_diagram,/exam-assets/gate/2025/xe/q55_opt_a.png,True,option_A,VERIFIED
XE,55,option_B_diagram,/exam-assets/gate/2025/xe/q55_opt_b.png,True,option_B,VERIFIED
XE,55,option_C_diagram,/exam-assets/gate/2025/xe/q55_opt_c.png,True,option_C,VERIFIED
XE,55,option_D_diagram,/exam-assets/gate/2025/xe/q55_opt_d.png,True,option_D,VERIFIED
XE,56,diagram,/exam-assets/gate/2025/xe/q56_diag.png,True,question_stem,VERIFIED
XE,66,diagram,/exam-assets/gate/2025/xe/q66_diag.png,True,question_stem,VERIFIED
XE,68,diagram,/exam-assets/gate/2025/xe/q68_diag.png,True,question_stem,VERIFIED
XE,70,diagram,/exam-assets/gate/2025/xe/q70_diag.png,True,question_stem,VERIFIED
XE,72,diagram,/exam-assets/gate/2025/xe/q72_diag.png,True,question_stem,VERIFIED
XE,74,diagram,/exam-assets/gate/2025/xe/q74_diag.png,True,question_stem,VERIFIED
XE,75,diagram,/exam-assets/gate/2025/xe/q75_diag.png,True,question_stem,VERIFIED
XE,77,diagram,/exam-assets/gate/2025/xe/q77_diag.png,True,question_stem,VERIFIED
XE,78,diagram,/exam-assets/gate/2025/xe/q78_diag.png,True,question_stem,VERIFIED
XE,80,diagram,/exam-assets/gate/2025/xe/q80_diag.png,True,question_stem,VERIFIED
XE,81,diagram,/exam-assets/gate/2025/xe/q81_diag.png,True,question_stem,VERIFIED
XE,83,diagram,/exam-assets/gate/2025/xe/q83_diag.png,True,question_stem,VERIFIED
XE,84,diagram,/exam-assets/gate/2025/xe/q84_diag.png,True,question_stem,VERIFIED
XE,85,diagram,/exam-assets/gate/2025/xe/q85_diag.png,True,question_stem,VERIFIED
XE,87,diagram,/exam-assets/gate/2025/xe/q87_diag.png,True,question_stem,VERIFIED
XE,107,diagram,/exam-assets/gate/2025/xe/q107_diag.png,True,question_stem,VERIFIED
XE,119,diagram,/exam-assets/gate/2025/xe/q119_diag.png,True,question_stem,VERIFIED
XE,122,diagram,/exam-assets/gate/2025/xe/q122_diag.png,True,question_stem,VERIFIED
XE,164,diagram,/exam-assets/gate/2025/xe/q164_diag.png,True,question_stem,VERIFIED
XE,165,diagram,/exam-assets/gate/2025/xe/q165_diag.png,True,question_stem,VERIFIED
XE,169,diagram,/exam-assets/gate/2025/xe/q169_diag.png,True,question_stem,VERIFIED
XE,175,diagram,/exam-assets/gate/2025/xe/q175_diag.png,True,question_stem,VERIFIED
XH-C1,4,diagram,/exam-assets/gate/2025/xh-c1/q4_diag.png,True,question_stem,VERIFIED
XH-C1,7,diagram,/exam-assets/gate/2025/xh-c1/q7_diag.png,True,question_stem,VERIFIED
XH-C1,25,diagram,/exam-assets/gate/2025/xh-c1/q25_diag.png,True,question_stem,VERIFIED
XH-C2,4,diagram,/exam-assets/gate/2025/xh-c2/q4_diag.png,True,question_stem,VERIFIED
XH-C2,7,diagram,/exam-assets/gate/2025/xh-c2/q7_diag.png,True,question_stem,VERIFIED
XH-C2,8,diagram,/exam-assets/gate/2025/xh-c2/q8_diag.png,True,question_stem,VERIFIED
XH-C2,25,diagram,/exam-assets/gate/2025/xh-c2/q25_diag.png,True,question_stem,VERIFIED
XH-C3,4,diagram,/exam-assets/gate/2025/xh-c3/q4_diag.png,True,question_stem,VERIFIED
XH-C3,7,diagram,/exam-assets/gate/2025/xh-c3/q7_diag.png,True,question_stem,VERIFIED
XH-C3,8,diagram,/exam-assets/gate/2025/xh-c3/q8_diag.png,True,question_stem,VERIFIED
XH-C3,25,diagram,/exam-assets/gate/2025/xh-c3/q25_diag.png,True,question_stem,VERIFIED
XH-C3,31,diagram,/exam-assets/gate/2025/xh-c3/q31_diag.png,True,question_stem,VERIFIED
XH-C3,32,diagram,/exam-assets/gate/2025/xh-c3/q32_diag.png,True,question_stem,VERIFIED
XH-C3,45,diagram,/exam-assets/gate/2025/xh-c3/q45_diag.png,True,question_stem,VERIFIED
XH-C3,46,diagram,/exam-assets/gate/2025/xh-c3/q46_diag.png,True,question_stem,VERIFIED
XH-C3,47,diagram,/exam-assets/gate/2025/xh-c3/q47_diag.png,True,question_stem,VERIFIED
XH-C3,49,diagram,/exam-assets/gate/2025/xh-c3/q49_diag.png,True,question_stem,VERIFIED
XH-C3,51,diagram,/exam-assets/gate/2025/xh-c3/q51_diag.png,True,question_stem,VERIFIED
XH-C3,52,diagram,/exam-assets/gate/2025/xh-c3/q52_diag.png,True,question_stem,VERIFIED
XH-C3,54,diagram,/exam-assets/gate/2025/xh-c3/q54_diag.png,True,question_stem,VERIFIED
XH-C3,56,diagram,/exam-assets/gate/2025/xh-c3/q56_diag.png,True,question_stem,VERIFIED
XH-C3,58,diagram,/exam-assets/gate/2025/xh-c3/q58_diag.png,True,question_stem,VERIFIED
XH-C3,61,diagram,/exam-assets/gate/2025/xh-c3/q61_diag.png,True,question_stem,VERIFIED
XH-C3,64,diagram,/exam-assets/gate/2025/xh-c3/q64_diag.png,True,question_stem,VERIFIED
XH-C3,65,diagram,/exam-assets/gate/2025/xh-c3/q65_diag.png,True,question_stem,VERIFIED
XH-C4,4,diagram,/exam-assets/gate/2025/xh-c4/q4_diag.png,True,question_stem,VERIFIED
XH-C4,7,diagram,/exam-assets/gate/2025/xh-c4/q7_diag.png,True,question_stem,VERIFIED
XH-C4,25,diagram,/exam-assets/gate/2025/xh-c4/q25_diag.png,True,question_stem,VERIFIED
XH-C5,4,diagram,/exam-assets/gate/2025/xh-c5/q4_diag.png,True,question_stem,VERIFIED
XH-C5,7,diagram,/exam-assets/gate/2025/xh-c5/q7_diag.png,True,question_stem,VERIFIED
XH-C5,25,diagram,/exam-assets/gate/2025/xh-c5/q25_diag.png,True,question_stem,VERIFIED
XH-C5,65,diagram,/exam-assets/gate/2025/xh-c5/q65_diag.png,True,question_stem,VERIFIED
XH-C6,4,diagram,/exam-assets/gate/2025/xh-c6/q4_diag.png,True,question_stem,VERIFIED
XH-C6,7,diagram,/exam-assets/gate/2025/xh-c6/q7_diag.png,True,question_stem,VERIFIED
XH-C6,25,diagram,/exam-assets/gate/2025/xh-c6/q25_diag.png,True,question_stem,VERIFIED
XL,7,diagram,/exam-assets/gate/2025/xl/q7_diag.png,True,question_stem,VERIFIED
XL,10,diagram,/exam-assets/gate/2025/xl/q10_diag.png,True,question_stem,VERIFIED
XL,11,diagram,/exam-assets/gate/2025/xl/q11_diag.png,True,question_stem,VERIFIED
XL,17,diagram,/exam-assets/gate/2025/xl/q17_diag.png,True,question_stem,VERIFIED
XL,22,diagram,/exam-assets/gate/2025/xl/q22_diag.png,True,question_stem,VERIFIED
XL,63,diagram,/exam-assets/gate/2025/xl/q63_diag.png,True,question_stem,VERIFIED
XL,72,diagram,/exam-assets/gate/2025/xl/q72_diag.png,True,question_stem,VERIFIED
XL,74,diagram,/exam-assets/gate/2025/xl/q74_diag.png,True,question_stem,VERIFIED
XL,75,diagram,/exam-assets/gate/2025/xl/q75_diag.png,True,question_stem,VERIFIED
XL,77,diagram,/exam-assets/gate/2025/xl/q77_diag.png,True,question_stem,VERIFIED
